Workbook

Sheet Industry_Skillset
A1: S.No | B1: Skill | C1: Added Frequency | D1: Skill Percentage | E1: CSV Files Represented (Out of 13) | F1: Batch / CSV File Names | G1: Skill Category
A2: 1 | B2: Python | C2: 117 | D2: =(C2/130)*100 -> 90 | E2: 13 | F2: JD(1-10)_TOP25(2).csv, JD(11-20)_TOP25(2).csv, JD(21-30)_TOP25(2).csv, JD(31-40)_TOP25(2).csv, JD(41-50)_TOP25(2).csv, JD(51-60)_TOP25(2).csv, JD(61-70)_TOP25(2).csv, JD(71-80)_TOP25(2).csv, JD(81-90)_TOP25(2).csv, JD(91-100)_TOP25(2).csv, JD(101-111)_TOP25(2).csv, JD(112-120)_TOP25(2).csv, JD(121-130)_TOP25(2).csv | G2: Programming Languages
A3: 2 | B3: Communication & Collaboration | C3: 110 | D3: =(C3/130)*100 -> 84.615385 | E3: 12 | F3: JD(1-10)_TOP25(2).csv, JD(11-20)_TOP25(2).csv, JD(21-30)_TOP25(2).csv, JD(31-40)_TOP25(2).csv, JD(41-50)_TOP25(2).csv, JD(51-60)_TOP25(2).csv, JD(61-70)_TOP25(2).csv, JD(71-80)_TOP25(2).csv, JD(81-90)_TOP25(2).csv, JD(91-100)_TOP25(2).csv, JD(112-120)_TOP25(2).csv, JD(121-130)_TOP25(2).csv | G3: Professional & Soft Skills
A4: 3 | B4: Machine Learning | C4: 107 | D4: =(C4/130)*100 -> 82.307692 | E4: 13 | F4: JD(1-10)_TOP25(2).csv, JD(11-20)_TOP25(2).csv, JD(21-30)_TOP25(2).csv, JD(31-40)_TOP25(2).csv, JD(41-50)_TOP25(2).csv, JD(51-60)_TOP25(2).csv, JD(61-70)_TOP25(2).csv, JD(71-80)_TOP25(2).csv, JD(81-90)_TOP25(2).csv, JD(91-100)_TOP25(2).csv, JD(101-111)_TOP25(2).csv, JD(112-120)_TOP25(2).csv, JD(121-130)_TOP25(2).csv | G4: Machine Learning
A5: 4 | B5: Analytical Thinking & Problem Solving | C5: 100 | D5: =(C5/130)*100 -> 76.923077 | E5: 12 | F5: JD(1-10)_TOP25(2).csv, JD(11-20)_TOP25(2).csv, JD(21-30)_TOP25(2).csv, JD(31-40)_TOP25(2).csv, JD(41-50)_TOP25(2).csv, JD(51-60)_TOP25(2).csv, JD(71-80)_TOP25(2).csv, JD(81-90)_TOP25(2).csv, JD(91-100)_TOP25(2).csv, JD(112-120)_TOP25(2).csv, JD(121-130)_TOP25(2).csv, JD(101-111)_TOP25(2).csv | G5: Professional & Soft Skills
A6: 5 | B6: SQL | C6: 69 | D6: =(C6/130)*100 -> 53.076923 | E6: 13 | F6: JD(1-10)_TOP25(2).csv, JD(11-20)_TOP25(2).csv, JD(21-30)_TOP25(2).csv, JD(31-40)_TOP25(2).csv, JD(41-50)_TOP25(2).csv, JD(51-60)_TOP25(2).csv, JD(61-70)_TOP25(2).csv, JD(71-80)_TOP25(2).csv, JD(81-90)_TOP25(2).csv, JD(91-100)_TOP25(2).csv, JD(101-111)_TOP25(2).csv, JD(112-120)_TOP25(2).csv, JD(121-130)_TOP25(2).csv | G6: Databases & SQL
A7: 6 | B7: Cloud Platforms (AWS / Azure / GCP) | C7: 63 | D7: =(C7/130)*100 -> 48.461538 | E7: 13 | F7: JD(1-10)_TOP25(2).csv, JD(11-20)_TOP25(2).csv, JD(21-30)_TOP25(2).csv, JD(31-40)_TOP25(2).csv, JD(41-50)_TOP25(2).csv, JD(51-60)_TOP25(2).csv, JD(61-70)_TOP25(2).csv, JD(71-80)_TOP25(2).csv, JD(81-90)_TOP25(2).csv, JD(91-100)_TOP25(2).csv, JD(112-120)_TOP25(2).csv, JD(121-130)_TOP25(2).csv, JD(101-111)_TOP25(2).csv | G7: Cloud & MLOps
A8: 7 | B8: Scikit-learn / NumPy / Pandas | C8: 62 | D8: =(C8/130)*100 -> 47.692308 | E8: 12 | F8: JD(1-10)_TOP25(2).csv, JD(11-20)_TOP25(2).csv, JD(31-40)_TOP25(2).csv, JD(41-50)_TOP25(2).csv, JD(51-60)_TOP25(2).csv, JD(61-70)_TOP25(2).csv, JD(71-80)_TOP25(2).csv, JD(101-111)_TOP25(2).csv, JD(121-130)_TOP25(2).csv, JD(21-30)_TOP25(2).csv, JD(81-90)_TOP25(2).csv, JD(91-100)_TOP25(2).csv | G8: Machine Learning
A9: 8 | B9: Statistical Analysis | C9: 62 | D9: =(C9/130)*100 -> 47.692308 | E9: 10 | F9: JD(1-10)_TOP25(2).csv, JD(11-20)_TOP25(2).csv, JD(21-30)_TOP25(2).csv, JD(31-40)_TOP25(2).csv, JD(41-50)_TOP25(2).csv, JD(51-60)_TOP25(2).csv, JD(61-70)_TOP25(2).csv, JD(81-90)_TOP25(2).csv, JD(91-100)_TOP25(2).csv, JD(101-111)_TOP25(2).csv | G9: Data Analysis & Statistics
A10: 9 | B10: Large Language Models (LLMs) | C10: 48 | D10: =(C10/130)*100 -> 36.923077 | E10: 11 | F10: JD(1-10)_TOP25(2).csv, JD(11-20)_TOP25(2).csv, JD(21-30)_TOP25(2).csv, JD(41-50)_TOP25(2).csv, JD(61-70)_TOP25(2).csv, JD(71-80)_TOP25(2).csv, JD(81-90)_TOP25(2).csv, JD(91-100)_TOP25(2).csv, JD(101-111)_TOP25(2).csv, JD(112-120)_TOP25(2).csv, JD(121-130)_TOP25(2).csv | G10: Generative AI & NLP
A11: 10 | B11: Generative AI | C11: 45 | D11: =(C11/130)*100 -> 34.615385 | E11: 10 | F11: JD(1-10)_TOP25(2).csv, JD(11-20)_TOP25(2).csv, JD(41-50)_TOP25(2).csv, JD(51-60)_TOP25(2).csv, JD(61-70)_TOP25(2).csv, JD(71-80)_TOP25(2).csv, JD(81-90)_TOP25(2).csv, JD(91-100)_TOP25(2).csv, JD(112-120)_TOP25(2).csv, JD(121-130)_TOP25(2).csv | G11: Generative AI & NLP
A12: 11 | B12: PyTorch | C12: 44 | D12: =(C12/130)*100 -> 33.846154 | E12: 11 | F12: JD(1-10)_TOP25(2).csv, JD(11-20)_TOP25(2).csv, JD(21-30)_TOP25(2).csv, JD(31-40)_TOP25(2).csv, JD(41-50)_TOP25(2).csv, JD(51-60)_TOP25(2).csv, JD(61-70)_TOP25(2).csv, JD(71-80)_TOP25(2).csv, JD(81-90)_TOP25(2).csv, JD(101-111)_TOP25(2).csv, JD(121-130)_TOP25(2).csv | G12: Deep Learning
A13: 12 | B13: TensorFlow / Keras | C13: 42 | D13: =(C13/130)*100 -> 32.307692 | E13: 10 | F13: JD(101-111)_TOP25(2).csv, JD(1-10)_TOP25(2).csv, JD(11-20)_TOP25(2).csv, JD(31-40)_TOP25(2).csv, JD(41-50)_TOP25(2).csv, JD(51-60)_TOP25(2).csv, JD(61-70)_TOP25(2).csv, JD(71-80)_TOP25(2).csv, JD(81-90)_TOP25(2).csv, JD(121-130)_TOP25(2).csv | G13: Deep Learning
... A82: 81 | B82: Browser Automation | C82: 1 | D82: =(C82/130)*100 -> 0.76923077 | E82: 1 | F82: JD(112-120)_TOP25(2).csv | G82: Software Engineering

Sheet Curriculum_Skillset
A1: S.No | B1: Skill | C1: Added Frequency | D1: Skill Percentage | E1: CSV Files Represented (Out of 16) | F1: CSV Files Mentioning | G1: Skill Category
A2: 1 | B2: Statistics | C2: 80 | D2: =(C2/80)*100 -> 100 | E2: 16 | F2: CSVU1.csv, CSVU10.csv, CSVU11.csv, CSVU12.csv, CSVU13.csv, CSVU14.csv, CSVU15.csv, CSVU16.csv, CSVU2.csv, CSVU3.csv, CSVU4.csv, CSVU5.csv, CSVU6.csv, CSVU7.csv, CSVU8.csv, CSVU9.csv | G2: Data Analysis & Statistics
A3: 2 | B3: Python | C3: 79 | D3: =(C3/80)*100 -> 98.75 | E3: 16 | F3: CSVU1.csv, CSVU10.csv, CSVU11.csv, CSVU12.csv, CSVU13.csv, CSVU14.csv, CSVU15.csv, CSVU16.csv, CSVU2.csv, CSVU3.csv, CSVU4.csv, CSVU5.csv, CSVU6.csv, CSVU7.csv, CSVU8.csv, CSVU9.csv | G3: Programming Languages
A4: 3 | B4: Machine Learning | C4: 75 | D4: =(C4/80)*100 -> 93.75 | E4: 16 | F4: CSVU1.csv, CSVU10.csv, CSVU11.csv, CSVU12.csv, CSVU13.csv, CSVU14.csv, CSVU15.csv, CSVU16.csv, CSVU2.csv, CSVU3.csv, CSVU4.csv, CSVU5.csv, CSVU6.csv, CSVU7.csv, CSVU8.csv, CSVU9.csv | G4: Machine Learning
A5: 4 | B5: Data Structures | C5: 72 | D5: =(C5/80)*100 -> 90 | E5: 15 | F5: CSVU10.csv, CSVU11.csv, CSVU12.csv, CSVU13.csv, CSVU14.csv, CSVU15.csv, CSVU16.csv, CSVU2.csv, CSVU3.csv, CSVU4.csv, CSVU5.csv, CSVU6.csv, CSVU7.csv, CSVU8.csv, CSVU9.csv | G5: Software Engineering
A6: 5 | B6: Deep Learning | C6: 63 | D6: =(C6/80)*100 -> 78.75 | E6: 15 | F6: CSVU1.csv, CSVU10.csv, CSVU12.csv, CSVU13.csv, CSVU14.csv, CSVU15.csv, CSVU16.csv, CSVU2.csv, CSVU3.csv, CSVU4.csv, CSVU5.csv, CSVU6.csv, CSVU7.csv, CSVU8.csv, CSVU9.csv | G6: Deep Learning
A7: 6 | B7: Data Mining | C7: 61 | D7: =(C7/80)*100 -> 76.25 | E7: 15 | F7: CSVU10.csv, CSVU11.csv, CSVU12.csv, CSVU13.csv, CSVU14.csv, CSVU15.csv, CSVU16.csv, CSVU2.csv, CSVU3.csv, CSVU4.csv, CSVU5.csv, CSVU6.csv, CSVU7.csv, CSVU8.csv, CSVU9.csv | G7: Data Analysis & Statistics
A8: 7 | B8: Artificial Intelligence | C8: 61 | D8: =(C8/80)*100 -> 76.25 | E8: 14 | F8: CSVU1.csv, CSVU11.csv, CSVU12.csv, CSVU13.csv, CSVU14.csv, CSVU15.csv, CSVU16.csv, CSVU2.csv, CSVU3.csv, CSVU4.csv, CSVU5.csv, CSVU6.csv, CSVU7.csv, CSVU9.csv | G8: Artificial Intelligence
A9: 8 | B9: Probability | C9: 61 | D9: =(C9/80)*100 -> 76.25 | E9: 13 | F9: CSVU1.csv, CSVU10.csv, CSVU12.csv, CSVU13.csv, CSVU14.csv, CSVU15.csv, CSVU16.csv, CSVU3.csv, CSVU4.csv, CSVU6.csv, CSVU7.csv, CSVU8.csv, CSVU9.csv | G9: Data Analysis & Statistics
A10: 9 | B10: Natural Language Processing | C10: 56 | D10: =(C10/80)*100 -> 70 | E10: 14 | F10: CSVU10.csv, CSVU11.csv, CSVU12.csv, CSVU13.csv, CSVU14.csv, CSVU15.csv, CSVU16.csv, CSVU2.csv, CSVU3.csv, CSVU4.csv, CSVU5.csv, CSVU7.csv, CSVU8.csv, CSVU9.csv | G10: Generative AI & NLP
A11: 10 | B11: Data Analytics | C11: 56 | D11: =(C11/80)*100 -> 70 | E11: 12 | F11: CSVU1.csv, CSVU10.csv, CSVU11.csv, CSVU12.csv, CSVU14.csv, CSVU2.csv, CSVU3.csv, CSVU5.csv, CSVU6.csv, CSVU7.csv, CSVU8.csv, CSVU9.csv | G11: Data Analysis & Statistics
A12: 11 | B12: Database Management Systems | C12: 49 | D12: =(C12/80)*100 -> 61.25 | E12: 11 | F12: CSVU1.csv, CSVU10.csv, CSVU11.csv, CSVU13.csv, CSVU15.csv, CSVU16.csv, CSVU4.csv, CSVU5.csv, CSVU6.csv, CSVU7.csv, CSVU8.csv | G12: Databases & SQL
A13: 12 | B13: Cloud Computing | C13: 46 | D13: =(C13/80)*100 -> 57.5 | E13: 12 | F13: CSVU1.csv, CSVU10.csv, CSVU11.csv, CSVU13.csv, CSVU15.csv, CSVU16.csv, CSVU2.csv, CSVU3.csv, CSVU4.csv, CSVU6.csv, CSVU8.csv, CSVU9.csv | G13: Cloud & MLOps
... A80: 79 | B80: Social Network Analysis | C80: 2 | D80: =(C80/80)*100 -> 2.5 | E80: 1 | F80: CSVU16.csv | G80: Domain Applications

Sheet Skill Frequency Analysis
A1: Analysis 1
A2: SKILL FREQUENCY ANALYSIS
A5: INDUSTRY SKILL FREQUENCY | J5: CURRICULUM SKILL FREQUENCY
A6: Rank | B6: Skill | C6: Added Frequency | E6: Skill Prevalence | J6: Rank | K6: Skill | L6: Added Frequency | N6: Skill Prevalence
A7: =_xlfn.RANK.EQ(C7,$C$7:$C$99,0) -> 1 | B7: =Industry_Skillset!B2 -> Python | C7: =Industry_Skillset!C2 -> 117 | E7: =C7/130 -> 0.9 | J7: =_xlfn.RANK.EQ(L7,$L$7:$L$90,0) -> 1 | K7: =Curriculum_Skillset!B2 -> Statistics | L7: =Curriculum_Skillset!C2 -> 80 | N7: =L7/80 -> 1
A8: =_xlfn.RANK.EQ(C8,$C$7:$C$99,0) -> 2 | B8: =Industry_Skillset!B3 -> Communication & Collaboration | C8: =Industry_Skillset!C3 -> 110 | E8: =C8/130 -> 0.84615385 | J8: =_xlfn.RANK.EQ(L8,$L$7:$L$90,0) -> 2 | K8: =Curriculum_Skillset!B3 -> Python | L8: =Curriculum_Skillset!C3 -> 79 | N8: =L8/80 -> 0.9875
A9: =_xlfn.RANK.EQ(C9,$C$7:$C$99,0) -> 3 | B9: =Industry_Skillset!B4 -> Machine Learning | C9: =Industry_Skillset!C4 -> 107 | E9: =C9/130 -> 0.82307692 | J9: =_xlfn.RANK.EQ(L9,$L$7:$L$90,0) -> 3 | K9: =Curriculum_Skillset!B4 -> Machine Learning | L9: =Curriculum_Skillset!C4 -> 75 | N9: =L9/80 -> 0.9375
A10: =_xlfn.RANK.EQ(C10,$C$7:$C$99,0) -> 4 | B10: =Industry_Skillset!B5 -> Analytical Thinking & Problem Solving | C10: =Industry_Skillset!C5 -> 100 | E10: =C10/130 -> 0.76923077 | J10: =_xlfn.RANK.EQ(L10,$L$7:$L$90,0) -> 4 | K10: =Curriculum_Skillset!B5 -> Data Structures | L10: =Curriculum_Skillset!C5 -> 72 | N10: =L10/80 -> 0.9
A11: =_xlfn.RANK.EQ(C11,$C$7:$C$99,0) -> 5 | B11: =Industry_Skillset!B6 -> SQL | C11: =Industry_Skillset!C6 -> 69 | E11: =C11/130 -> 0.53076923 | J11: =_xlfn.RANK.EQ(L11,$L$7:$L$90,0) -> 5 | K11: =Curriculum_Skillset!B6 -> Deep Learning | L11: =Curriculum_Skillset!C6 -> 63 | N11: =L11/80 -> 0.7875
A12: =_xlfn.RANK.EQ(C12,$C$7:$C$99,0) -> 6 | B12: =Industry_Skillset!B7 -> Cloud Platforms (AWS / Azure / GCP) | C12: =Industry_Skillset!C7 -> 63 | E12: =C12/130 -> 0.48461538 | J12: =_xlfn.RANK.EQ(L12,$L$7:$L$90,0) -> 6 | K12: =Curriculum_Skillset!B7 -> Data Mining | L12: =Curriculum_Skillset!C7 -> 61 | N12: =L12/80 -> 0.7625
A13: =_xlfn.RANK.EQ(C13,$C$7:$C$99,0) -> 7 | B13: =Industry_Skillset!B8 -> Scikit-learn / NumPy / Pandas | C13: =Industry_Skillset!C8 -> 62 | E13: =C13/130 -> 0.47692308 | J13: =_xlfn.RANK.EQ(L13,$L$7:$L$90,0) -> 6 | K13: =Curriculum_Skillset!B8 -> Artificial Intelligence | L13: =Curriculum_Skillset!C8 -> 61 | N13: =L13/80 -> 0.7625
A14: =_xlfn.RANK.EQ(C14,$C$7:$C$99,0) -> 7 | B14: =Industry_Skillset!B9 -> Statistical Analysis | C14: =Industry_Skillset!C9 -> 62 | E14: =C14/130 -> 0.47692308 | J14: =_xlfn.RANK.EQ(L14,$L$7:$L$90,0) -> 6 | K14: =Curriculum_Skillset!B9 -> Probability | L14: =Curriculum_Skillset!C9 -> 61 | N14: =L14/80 -> 0.7625
A15: =_xlfn.RANK.EQ(C15,$C$7:$C$99,0) -> 9 | B15: =Industry_Skillset!B10 -> Large Language Models (LLMs) | C15: =Industry_Skillset!C10 -> 48 | E15: =C15/130 -> 0.36923077 | J15: =_xlfn.RANK.EQ(L15,$L$7:$L$90,0) -> 9 | K15: =Curriculum_Skillset!B10 -> Natural Language Processing | L15: =Curriculum_Skillset!C10 -> 56 | N15: =L15/80 -> 0.7
A16: =_xlfn.RANK.EQ(C16,$C$7:$C$99,0) -> 10 | B16: =Industry_Skillset!B11 -> Generative AI | C16: =Industry_Skillset!C11 -> 45 | E16: =C16/130 -> 0.34615385 | J16: =_xlfn.RANK.EQ(L16,$L$7:$L$90,0) -> 9 | K16: =Curriculum_Skillset!B11 -> Data Analytics | L16: =Curriculum_Skillset!C11 -> 56 | N16: =L16/80 -> 0.7
A17: =_xlfn.RANK.EQ(C17,$C$7:$C$99,0) -> 11 | B17: =Industry_Skillset!B12 -> PyTorch | C17: =Industry_Skillset!C12 -> 44 | E17: =C17/130 -> 0.33846154 | J17: =_xlfn.RANK.EQ(L17,$L$7:$L$90,0) -> 11 | K17: =Curriculum_Skillset!B12 -> Database Management Systems | L17: =Curriculum_Skillset!C12 -> 49 | N17: =L17/80 -> 0.6125
A18: =_xlfn.RANK.EQ(C18,$C$7:$C$99,0) -> 12 | B18: =Industry_Skillset!B13 -> TensorFlow / Keras | C18: =Industry_Skillset!C13 -> 42 | E18: =C18/130 -> 0.32307692 | J18: =_xlfn.RANK.EQ(L18,$L$7:$L$90,0) -> 12 | K18: =Curriculum_Skillset!B13 -> Cloud Computing | L18: =Curriculum_Skillset!C13 -> 46 | N18: =L18/80 -> 0.575
... A85: =_xlfn.RANK.EQ(C85,$C$7:$C$99,0) -> 79 | B85: =Industry_Skillset!B80 -> AI Safety & Responsible AI | C85: =Industry_Skillset!C80 -> 1 | E85: =C85/130 -> 0.0076923077 | J85: =_xlfn.RANK.EQ(L85,$L$7:$L$90,0) -> 77 | K85: =Curriculum_Skillset!B80 -> Social Network Analysis | L85: =Curriculum_Skillset!C80 -> 2 | N85: =L85/80 -> 0.025
A86: =_xlfn.RANK.EQ(C86,$C$7:$C$99,0) -> 79 | B86: =Industry_Skillset!B81 -> Autonomous Driving / ADAS | C86: =Industry_Skillset!C81 -> 1 | E86: =C86/130 -> 0.0076923077
A87: =_xlfn.RANK.EQ(C87,$C$7:$C$99,0) -> 79 | B87: =Industry_Skillset!B82 -> Browser Automation | C87: =Industry_Skillset!C82 -> 1 | E87: =C87/130 -> 0.0076923077
B100: Metric | C100: Industry | D100: Curriculum
B101: Total Skills | C101: =COUNTA(B7:B99) -> 81 | D101: =COUNTA(K7:K90) -> 79
B102: Total Documents | C102: 130 | D102: 80
B103: Highest Frequency | C103: =MAX(C7:C99) -> 117 | D103: =MAX(L7:L90) -> 80
B104: Highest Prevalence | C104: =MAX(E7:E99) -> 0.9 | D104: =MAX(N7:N90) -> 1

Sheet Category Frequency Analysis 
A1: Analysis 2
A2: CATEGORY FREQUENCY ANALYSIS
A5: Industry Category Analysis | M5: Curriculum Category Analysis | X5: Skill Category | Z5: Industry | AA5: Curriculum
A6: Rank | B6: Skill Category | D6: Category Frequency | F6: Category Contribution (%) | M6: Rank | N6: Skill Category | P6: Category Frequency | R6: Category Contribution (%) | X6: Artificial Intelligence | Z6: =_xlfn.XLOOKUP(X6,$B$7:$B$20,$F$7:$F$20,"") -> 0.0035236082 | AA6: =_xlfn.XLOOKUP(X6,$N$7:$N$20,$R$7:$R$20,"") -> 0.049641148
A7: =_xlfn.RANK.EQ(D7,$D$7:$D$23,0) -> 2 | B7: Generative AI & NLP | D7: =SUMIF(Industry_Skillset!$G:$G,B7,Industry_Skillset!$C:$C) -> 222 | F7: =D7/$D$24 -> 0.1564482 | M7: =_xlfn.RANK.EQ(P7,$P$7:$P$23,0) -> 1 | N7: Data Analysis & Statistics | P7: =SUMIF(Curriculum_Skillset!$G$2:$G$81,N7,Curriculum_Skillset!$C$2:$C$81) -> 429 | R7: =P7/$P$24 -> 0.25657895 | X7: Cloud & MLOps | Z7: =_xlfn.XLOOKUP(X7,$B$7:$B$20,$F$7:$F$20,"") -> 0.093023256 | AA7: =_xlfn.XLOOKUP(X7,$N$7:$N$20,$R$7:$R$20,"") -> 0.035287081
A8: =_xlfn.RANK.EQ(D8,$D$7:$D$23,0) -> 3 | B8: Professional & Soft Skills | D8: =SUMIF(Industry_Skillset!$G:$G,B8,Industry_Skillset!$C:$C) -> 220 | F8: =D8/$D$24 -> 0.15503876 | M8: =_xlfn.RANK.EQ(P8,$P$7:$P$23,0) -> 2 | N8: Software Engineering | P8: =SUMIF(Curriculum_Skillset!$G$2:$G$81,N8,Curriculum_Skillset!$C$2:$C$81) -> 251 | R8: =P8/$P$24 -> 0.15011962 | X8: Computer Vision | Z8: =_xlfn.XLOOKUP(X8,$B$7:$B$20,$F$7:$F$20,"") -> 0.0028188865 | AA8: =_xlfn.XLOOKUP(X8,$N$7:$N$20,$R$7:$R$20,"") -> 0.0215311
A9: =_xlfn.RANK.EQ(D9,$D$7:$D$23,0) -> 1 | B9: Machine Learning | D9: =SUMIF(Industry_Skillset!$G:$G,B9,Industry_Skillset!$C:$C) -> 227 | F9: =D9/$D$24 -> 0.15997181 | M9: =_xlfn.RANK.EQ(P9,$P$7:$P$23,0) -> 3 | N9: Machine Learning | P9: =SUMIF(Curriculum_Skillset!$G$2:$G$81,N9,Curriculum_Skillset!$C$2:$C$81) -> 172 | R9: =P9/$P$24 -> 0.10287081 | X9: Data Analysis & Statistics | Z9: =_xlfn.XLOOKUP(X9,$B$7:$B$20,$F$7:$F$20,"") -> 0.10711769 | AA9: =_xlfn.XLOOKUP(X9,$N$7:$N$20,$R$7:$R$20,"") -> 0.25657895
A10: =_xlfn.RANK.EQ(D10,$D$7:$D$23,0) -> 4 | B10: Data Analysis & Statistics | D10: =SUMIF(Industry_Skillset!$G:$G,B10,Industry_Skillset!$C:$C) -> 152 | F10: =D10/$D$24 -> 0.10711769 | M10: =_xlfn.RANK.EQ(P10,$P$7:$P$23,0) -> 4 | N10: Programming Languages | P10: =SUMIF(Curriculum_Skillset!$G$2:$G$81,N10,Curriculum_Skillset!$C$2:$C$81) -> 144 | R10: =P10/$P$24 -> 0.086124402 | X10: Data Engineering & Big Data | Z10: =_xlfn.XLOOKUP(X10,$B$7:$B$20,$F$7:$F$20,"") -> 0.024665257 | AA10: =_xlfn.XLOOKUP(X10,$N$7:$N$20,$R$7:$R$20,"") -> 0.066985646
A11: =_xlfn.RANK.EQ(D11,$D$7:$D$23,0) -> 6 | B11: Programming Languages | D11: =SUMIF(Industry_Skillset!$G:$G,B11,Industry_Skillset!$C:$C) -> 129 | F11: =D11/$D$24 -> 0.090909091 | M11: =_xlfn.RANK.EQ(P11,$P$7:$P$23,0) -> 5 | N11: Data Engineering & Big Data | P11: =SUMIF(Curriculum_Skillset!$G$2:$G$81,N11,Curriculum_Skillset!$C$2:$C$81) -> 112 | R11: =P11/$P$24 -> 0.066985646 | X11: Data Visualization & BI | Z11: =_xlfn.XLOOKUP(X11,$B$7:$B$20,$F$7:$F$20,"") -> 0.040169133 | AA11: =_xlfn.XLOOKUP(X11,$N$7:$N$20,$R$7:$R$20,"") -> 0.042464115
A12: =_xlfn.RANK.EQ(D12,$D$7:$D$23,0) -> 5 | B12: Cloud & MLOps | D12: =SUMIF(Industry_Skillset!$G:$G,B12,Industry_Skillset!$C:$C) -> 132 | F12: =D12/$D$24 -> 0.093023256 | M12: =_xlfn.RANK.EQ(P12,$P$7:$P$23,0) -> 6 | N12: Databases & SQL | P12: =SUMIF(Curriculum_Skillset!$G$2:$G$81,N12,Curriculum_Skillset!$C$2:$C$81) -> 91 | R12: =P12/$P$24 -> 0.054425837 | X12: Databases & SQL | Z12: =_xlfn.XLOOKUP(X12,$B$7:$B$20,$F$7:$F$20,"") -> 0.052854123 | AA12: =_xlfn.XLOOKUP(X12,$N$7:$N$20,$R$7:$R$20,"") -> 0.054425837
A13: =_xlfn.RANK.EQ(D13,$D$7:$D$23,0) -> 7 | B13: Deep Learning | D13: =SUMIF(Industry_Skillset!$G:$G,B13,Industry_Skillset!$C:$C) -> 124 | F13: =D13/$D$24 -> 0.087385483 | M13: =_xlfn.RANK.EQ(P13,$P$7:$P$23,0) -> 7 | N13: Deep Learning | P13: =SUMIF(Curriculum_Skillset!$G$2:$G$81,N13,Curriculum_Skillset!$C$2:$C$81) -> 89 | R13: =P13/$P$24 -> 0.053229665 | X13: Deep Learning | Z13: =_xlfn.XLOOKUP(X13,$B$7:$B$20,$F$7:$F$20,"") -> 0.087385483 | AA13: =_xlfn.XLOOKUP(X13,$N$7:$N$20,$R$7:$R$20,"") -> 0.053229665
A14: =_xlfn.RANK.EQ(D14,$D$7:$D$23,0) -> 8 | B14: Databases & SQL | D14: =SUMIF(Industry_Skillset!$G:$G,B14,Industry_Skillset!$C:$C) -> 75 | F14: =D14/$D$24 -> 0.052854123 | M14: =_xlfn.RANK.EQ(P14,$P$7:$P$23,0) -> 8 | N14: Artificial Intelligence | P14: =SUMIF(Curriculum_Skillset!$G$2:$G$81,N14,Curriculum_Skillset!$C$2:$C$81) -> 83 | R14: =P14/$P$24 -> 0.049641148 | X14: Domain Applications | Z14: =_xlfn.XLOOKUP(X14,$B$7:$B$20,$F$7:$F$20,"") -> 0.007751938 | AA14: =_xlfn.XLOOKUP(X14,$N$7:$N$20,$R$7:$R$20,"") -> 0.032894737
A15: =_xlfn.RANK.EQ(D15,$D$7:$D$23,0) -> 9 | B15: Data Visualization & BI | D15: =SUMIF(Industry_Skillset!$G:$G,B15,Industry_Skillset!$C:$C) -> 57 | F15: =D15/$D$24 -> 0.040169133 | M15: =_xlfn.RANK.EQ(P15,$P$7:$P$23,0) -> 9 | N15: Generative AI & NLP | P15: =SUMIF(Curriculum_Skillset!$G$2:$G$81,N15,Curriculum_Skillset!$C$2:$C$81) -> 71 | R15: =P15/$P$24 -> 0.042464115 | X15: Generative AI & NLP | Z15: =_xlfn.XLOOKUP(X15,$B$7:$B$20,$F$7:$F$20,"") -> 0.1564482 | AA15: =_xlfn.XLOOKUP(X15,$N$7:$N$20,$R$7:$R$20,"") -> 0.042464115
A16: =_xlfn.RANK.EQ(D16,$D$7:$D$23,0) -> 10 | B16: Data Engineering & Big Data | D16: =SUMIF(Industry_Skillset!$G:$G,B16,Industry_Skillset!$C:$C) -> 35 | F16: =D16/$D$24 -> 0.024665257 | M16: =_xlfn.RANK.EQ(P16,$P$7:$P$23,0) -> 9 | N16: Data Visualization & BI | P16: =SUMIF(Curriculum_Skillset!$G$2:$G$81,N16,Curriculum_Skillset!$C$2:$C$81) -> 71 | R16: =P16/$P$24 -> 0.042464115 | X16: Machine Learning | Z16: =_xlfn.XLOOKUP(X16,$B$7:$B$20,$F$7:$F$20,"") -> 0.15997181 | AA16: =_xlfn.XLOOKUP(X16,$N$7:$N$20,$R$7:$R$20,"") -> 0.10287081
A17: =_xlfn.RANK.EQ(D17,$D$7:$D$23,0) -> 11 | B17: Software Engineering | D17: =SUMIF(Industry_Skillset!$G:$G,B17,Industry_Skillset!$C:$C) -> 26 | F17: =D17/$D$24 -> 0.018322763 | M17: =_xlfn.RANK.EQ(P17,$P$7:$P$23,0) -> 11 | N17: Cloud & MLOps | P17: =SUMIF(Curriculum_Skillset!$G$2:$G$81,N17,Curriculum_Skillset!$C$2:$C$81) -> 59 | R17: =P17/$P$24 -> 0.035287081 | X17: Professional & Soft Skills | Z17: =_xlfn.XLOOKUP(X17,$B$7:$B$20,$F$7:$F$20,"") -> 0.15503876 | AA17: =_xlfn.XLOOKUP(X17,$N$7:$N$20,$R$7:$R$20,"") -> 0.0053827751
A18: =_xlfn.RANK.EQ(D18,$D$7:$D$23,0) -> 12 | B18: Domain Applications | D18: =SUMIF(Industry_Skillset!$G:$G,B18,Industry_Skillset!$C:$C) -> 11 | F18: =D18/$D$24 -> 0.007751938 | M18: =_xlfn.RANK.EQ(P18,$P$7:$P$23,0) -> 12 | N18: Domain Applications | P18: =SUMIF(Curriculum_Skillset!$G$2:$G$81,N18,Curriculum_Skillset!$C$2:$C$81) -> 55 | R18: =P18/$P$24 -> 0.032894737 | X18: Programming Languages | Z18: =_xlfn.XLOOKUP(X18,$B$7:$B$20,$F$7:$F$20,"") -> 0.090909091 | AA18: =_xlfn.XLOOKUP(X18,$N$7:$N$20,$R$7:$R$20,"") -> 0.086124402
A19: =_xlfn.RANK.EQ(D19,$D$7:$D$23,0) -> 13 | B19: Artificial Intelligence | D19: =SUMIF(Industry_Skillset!$G:$G,B19,Industry_Skillset!$C:$C) -> 5 | F19: =D19/$D$24 -> 0.0035236082 | M19: =_xlfn.RANK.EQ(P19,$P$7:$P$23,0) -> 13 | N19: Computer Vision | P19: =SUMIF(Curriculum_Skillset!$G$2:$G$81,N19,Curriculum_Skillset!$C$2:$C$81) -> 36 | R19: =P19/$P$24 -> 0.0215311 | X19: Software Engineering | Z19: =_xlfn.XLOOKUP(X19,$B$7:$B$20,$F$7:$F$20,"") -> 0.018322763 | AA19: =_xlfn.XLOOKUP(X19,$N$7:$N$20,$R$7:$R$20,"") -> 0.15011962
A20: =_xlfn.RANK.EQ(D20,$D$7:$D$23,0) -> 14 | B20: Computer Vision | D20: =SUMIF(Industry_Skillset!$G:$G,B20,Industry_Skillset!$C:$C) -> 4 | F20: =D20/$D$24 -> 0.0028188865 | M20: =_xlfn.RANK.EQ(P20,$P$7:$P$23,0) -> 14 | N20: Professional & Soft Skills | P20: =SUMIF(Curriculum_Skillset!$G$2:$G$81,N20,Curriculum_Skillset!$C$2:$C$81) -> 9 | R20: =P20/$P$24 -> 0.0053827751
C24: Total | D24: =SUM(D7:D23) -> 1419 | O24: Total | P24: =SUM(P7:P23) -> 1672
B29: Metric | C29: Industry | D29: Curriculum
B30: Total Categories | C30: =COUNTA(B7:B23) -> 14 | D30: =COUNTA(N7:N23) -> 14
B31: Total Category Frequency | C31: =D24 -> 1419 | D31: =P24 -> 1672
B32: Highest Category Frequency | C32: =MAX(D7:D23) -> 227 | D32: =MAX(P7:P23) -> 429
B33: Highest Contribution (%) | C33: =MAX(F7:F23) -> 0.15997181 | D33: =MAX(R7:R23) -> 0.25657895

Sheet Skill_Matching
A1: Standardized Skill | B1: Industry Skill | C1: Industry Added Frequency | D1: Industry Prevalence | E1: Curriculum Skill | F1: Curriculum Added Frequency | G1: Curriculum Prevalence | H1: Match Status | I1: Matching Basis | J1: Industry Category | K1: Curriculum Category
A2: Python | B2: Python | C2: 117 | D2: 90 | E2: Python | F2: 79 | G2: 98.75 | H2: Covered | I2: Exact | J2: Programming Languages | K2: Programming Languages
A3: Communication & Collaboration | B3: Communication & Collaboration | C3: 110 | D3: 84.62 | H3: Industry Only | I3: No Match | J3: Professional & Soft Skills
A4: Machine Learning | B4: Machine Learning | C4: 107 | D4: 82.31 | E4: Machine Learning | F4: 75 | G4: 93.75 | H4: Covered | I4: Exact | J4: Machine Learning | K4: Machine Learning
A5: Analytical Thinking & Problem Solving | B5: Analytical Thinking & Problem Solving | C5: 100 | D5: 76.92 | H5: Industry Only | I5: No Match | J5: Professional & Soft Skills
A6: SQL | B6: SQL | C6: 69 | D6: 53.08 | E6: SQL | F6: 32 | G6: 40 | H6: Covered | I6: Exact | J6: Databases & SQL | K6: Databases & SQL
A7: Cloud Platforms (AWS / Azure / GCP) | B7: Cloud Platforms (AWS / Azure / GCP) | C7: 63 | D7: 48.46 | E7: Cloud Platforms (AWS/Azure/GCP) | F7: 13 | G7: 16.25 | H7: Covered | I7: Exact | J7: Cloud & MLOps | K7: Cloud & MLOps
A8: Scikit-learn / NumPy / Pandas | B8: Scikit-learn / NumPy / Pandas | C8: 62 | D8: 47.69 | E8: Machine Learning | F8: 75 | G8: 93.75 | H8: Partially Covered | I8: Conceptual | J8: Machine Learning | K8: Machine Learning
A9: Statistical Analysis | B9: Statistical Analysis | C9: 62 | D9: 47.69 | E9: Statistics | F9: 80 | G9: 100 | H9: Covered | I9: Normalized | J9: Data Analysis & Statistics | K9: Data Analysis & Statistics
A10: Large Language Models (LLMs) | B10: Large Language Models (LLMs) | C10: 48 | D10: 36.92 | E10: Natural Language Processing | F10: 56 | G10: 70 | H10: Partially Covered | I10: Conceptual | J10: Generative AI & NLP | K10: Generative AI & NLP
A11: Generative AI | B11: Generative AI | C11: 45 | D11: 34.62 | E11: Generative AI | F11: 8 | G11: 10 | H11: Covered | I11: Exact | J11: Generative AI & NLP | K11: Generative AI & NLP
A12: PyTorch | B12: PyTorch | C12: 44 | D12: 33.85 | E12: Deep Learning | F12: 63 | G12: 78.75 | H12: Partially Covered | I12: Conceptual | J12: Deep Learning | K12: Deep Learning
A13: TensorFlow / Keras | B13: TensorFlow / Keras | C13: 42 | D13: 32.31 | E13: Deep Learning | F13: 63 | G13: 78.75 | H13: Partially Covered | I13: Conceptual | J13: Deep Learning | K13: Deep Learning
A14: Data Visualization | B14: Data Visualization | C14: 39 | D14: 30 | E14: Data Visualization | F14: 35 | G14: 43.75 | H14: Covered | I14: Exact | J14: Data Visualization & BI | K14: Data Visualization & BI
A15: Natural Language Processing (NLP) | B15: Natural Language Processing (NLP) | C15: 39 | D15: 30 | E15: Natural Language Processing | F15: 56 | G15: 70 | H15: Covered | I15: Normalized | J15: Generative AI & NLP | K15: Generative AI & NLP
A16: Deep Learning | B16: Deep Learning | C16: 38 | D16: 29.23 | E16: Deep Learning | F16: 63 | G16: 78.75 | H16: Covered | I16: Exact | J16: Deep Learning | K16: Deep Learning
A17: Feature Engineering | B17: Feature Engineering | C17: 31 | D17: 23.85 | E17: Data Preprocessing/Wrangling | F17: 19 | G17: 23.75 | H17: Partially Covered | I17: Conceptual | J17: Machine Learning | K17: Data Analysis & Statistics
A18: Prompt Engineering | B18: Prompt Engineering | C18: 28 | D18: 21.54 | H18: Industry Only | I18: No Match | J18: Generative AI & NLP
A19: Model Deployment & Monitoring | B19: Model Deployment & Monitoring | C19: 25 | D19: 19.23 | H19: Industry Only | I19: No Match | J19: Cloud & MLOps
A20: MLOps | B20: MLOps | C20: 24 | D20: 18.46 | H20: Industry Only | I20: No Match | J20: Cloud & MLOps
A21: Data Preprocessing & Cleaning | B21: Data Preprocessing & Cleaning | C21: 18 | D21: 13.85 | E21: Data Preprocessing/Wrangling | F21: 19 | G21: 23.75 | H21: Covered | I21: Normalized | J21: Data Analysis & Statistics | K21: Data Analysis & Statistics
A22: RAG Pipelines & Semantic Search | B22: RAG Pipelines & Semantic Search | C22: 15 | D22: 11.54 | H22: Industry Only | I22: No Match | J22: Generative AI & NLP
A23: Time Series Forecasting | B23: Time Series Forecasting | C23: 15 | D23: 11.54 | E23: Time Series Analysis | F23: 18 | G23: 22.5 | H23: Partially Covered | I23: Conceptual | J23: Data Analysis & Statistics | K23: Data Analysis & Statistics
A24: Data Visualization & Dashboards | B24: Data Visualization & Dashboards | C24: 14 | D24: 10.77 | E24: Business Intelligence | F24: 7 | G24: 8.75 | H24: Partially Covered | I24: Conceptual | J24: Data Visualization & BI | K24: Data Visualization & BI
A25: Experimentation & A/B Testing | B25: Experimentation & A/B Testing | C25: 14 | D25: 10.77 | H25: Industry Only | I25: No Match | J25: Data Analysis & Statistics
A26: Git / Version Control | B26: Git / Version Control | C26: 12 | D26: 9.23 | H26: Industry Only | I26: No Match | J26: Software Engineering
A27: Agentic AI Frameworks | B27: Agentic AI Frameworks | C27: 11 | D27: 8.46 | H27: Industry Only | I27: No Match | J27: Generative AI & NLP
A28: Data Pipelines & Automation | B28: Data Pipelines & Automation | C28: 11 | D28: 8.46 | E28: Data Engineering | F28: 4 | G28: 5 | H28: Partially Covered | I28: Conceptual | J28: Data Engineering & Big Data | K28: Data Engineering & Big Data
A29: Hypothesis Testing | B29: Hypothesis Testing | C29: 11 | D29: 8.46 | E29: Statistics | F29: 80 | G29: 100 | H29: Partially Covered | I29: Conceptual | J29: Data Analysis & Statistics | K29: Data Analysis & Statistics
A30: LLM Orchestration (LangChain / LangGraph / LlamaIndex) | B30: LLM Orchestration (LangChain / LangGraph / LlamaIndex) | C30: 11 | D30: 8.46 | H30: Industry Only | I30: No Match | J30: Generative AI & NLP
A31: R Programming | B31: R Programming | C31: 10 | D31: 7.69 | E31: R Programming | F31: 23 | G31: 28.75 | H31: Covered | I31: Exact | J31: Programming Languages | K31: Programming Languages
A32: Vector Databases & Embeddings | B32: Vector Databases & Embeddings | C32: 9 | D32: 6.92 | H32: Industry Only | I32: No Match | J32: Generative AI & NLP
A33: Anomaly Detection | B33: Anomaly Detection | C33: 8 | D33: 6.15 | E33: Machine Learning | F33: 75 | G33: 93.75 | H33: Partially Covered | I33: Conceptual | J33: Machine Learning | K33: Machine Learning
A34: Communication & Stakeholder Management | B34: Communication & Stakeholder Management | C34: 8 | D34: 6.15 | H34: Industry Only | I34: No Match | J34: Professional & Soft Skills
A35: Docker / Kubernetes | B35: Docker / Kubernetes | C35: 8 | D35: 6.15 | H35: Industry Only | I35: No Match | J35: Cloud & MLOps
A36: ETL / ELT Pipelines & Data Pipelines | B36: ETL / ELT Pipelines & Data Pipelines | C36: 8 | D36: 6.15 | E36: Data Engineering | F36: 4 | G36: 5 | H36: Partially Covered | I36: Conceptual | J36: Data Engineering & Big Data | K36: Data Engineering & Big Data
A37: Exploratory Data Analysis (EDA) | B37: Exploratory Data Analysis (EDA) | C37: 8 | D37: 6.15 | E37: Exploratory Data Analysis | F37: 8 | G37: 10 | H37: Covered | I37: Exact | J37: Data Analysis & Statistics | K37: Data Analysis & Statistics
A38: Big Data (Hadoop / Spark) | B38: Big Data (Hadoop / Spark) | C38: 7 | D38: 5.38 | E38: Big Data | F38: 46 | G38: 57.5 | H38: Covered | I38: Normalized | J38: Data Engineering & Big Data | K38: Data Engineering & Big Data
A39: A/B Testing | B39: A/B Testing | C39: 6 | D39: 4.62 | H39: Industry Only | I39: No Match | J39: Data Analysis & Statistics
A40: PySpark | B40: PySpark | C40: 5 | D40: 3.85 | H40: Industry Only | I40: No Match | J40: Data Engineering & Big Data
A41: REST APIs & Microservices | B41: REST APIs & Microservices | C41: 5 | D41: 3.85 | H41: Industry Only | I41: No Match | J41: Software Engineering
A42: Artificial Intelligence | B42: Artificial Intelligence | C42: 4 | D42: 3.08 | E42: Artificial Intelligence | F42: 61 | G42: 76.25 | H42: Covered | I42: Exact | J42: Artificial Intelligence | K42: Artificial Intelligence
A43: CI/CD & DevOps | B43: CI/CD & DevOps | C43: 4 | D43: 3.08 | H43: Industry Only | I43: No Match | J43: Cloud & MLOps
A44: Customer Segmentation & Propensity Modeling | B44: Customer Segmentation & Propensity Modeling | C44: 4 | D44: 3.08 | H44: Industry Only | I44: No Match | J44: Domain Applications
A45: Data Preprocessing & Augmentation | B45: Data Preprocessing & Augmentation | C45: 4 | D45: 3.08 | E45: Data Preprocessing/Wrangling | F45: 19 | G45: 23.75 | H45: Partially Covered | I45: Conceptual | J45: Data Analysis & Statistics | K45: Data Analysis & Statistics
A46: Hugging Face Transformers | B46: Hugging Face Transformers | C46: 4 | D46: 3.08 | H46: Industry Only | I46: No Match | J46: Generative AI & NLP
A47: Model Deployment | B47: Model Deployment | C47: 4 | D47: 3.08 | H47: Industry Only | I47: No Match | J47: Cloud & MLOps
A48: Model Evaluation | B48: Model Evaluation | C48: 4 | D48: 3.08 | E48: Machine Learning | F48: 75 | G48: 93.75 | H48: Partially Covered | I48: Conceptual | J48: Machine Learning | K48: Machine Learning
A49: Multi-Agent Systems | B49: Multi-Agent Systems | C49: 4 | D49: 3.08 | H49: Industry Only | I49: No Match | J49: Generative AI & NLP
A50: Predictive Modeling | B50: Predictive Modeling | C50: 4 | D50: 3.08 | E50: Regression Analysis | F50: 37 | G50: 46.25 | H50: Partially Covered | I50: Conceptual | J50: Machine Learning | K50: Data Analysis & Statistics
A51: Statistical Modeling | B51: Statistical Modeling | C51: 4 | D51: 3.08 | E51: Statistics | F51: 80 | G51: 100 | H51: Partially Covered | I51: Conceptual | J51: Data Analysis & Statistics | K51: Data Analysis & Statistics
A52: Supervised Learning | B52: Supervised Learning | C52: 4 | D52: 3.08 | E52: Classification | F52: 27 | G52: 33.75 | H52: Partially Covered | I52: Conceptual | J52: Machine Learning | K52: Machine Learning
A53: Tableau | B53: Tableau | C53: 4 | D53: 3.08 | E53: Tableau | F53: 4 | G53: 5 | H53: Covered | I53: Exact | J53: Data Visualization & BI | K53: Data Visualization & BI
A54: Agent Evaluation Frameworks (RAGAS / LLM-as-Judge) | B54: Agent Evaluation Frameworks (RAGAS / LLM-as-Judge) | C54: 3 | D54: 2.31 | H54: Industry Only | I54: No Match | J54: Generative AI & NLP
A55: Agentic AI / Agent Benchmarking | B55: Agentic AI / Agent Benchmarking | C55: 3 | D55: 2.31 | H55: Industry Only | I55: No Match | J55: Generative AI & NLP
A56: Customer Segmentation | B56: Customer Segmentation | C56: 3 | D56: 2.31 | E56: Clustering | F56: 22 | G56: 27.5 | H56: Partially Covered | I56: Conceptual | J56: Domain Applications | K56: Machine Learning
A57: Fraud Detection & Risk Analytics | B57: Fraud Detection & Risk Analytics | C57: 3 | D57: 2.31 | H57: Industry Only | I57: No Match | J57: Domain Applications
A58: NoSQL Databases | B58: NoSQL Databases | C58: 3 | D58: 2.31 | E58: NoSQL | F58: 10 | G58: 12.5 | H58: Covered | I58: Normalized | J58: Databases & SQL | K58: Databases & SQL
A59: REST APIs (Flask / FastAPI) | B59: REST APIs (Flask / FastAPI) | C59: 3 | D59: 2.31 | H59: Industry Only | I59: No Match | J59: Software Engineering
A60: React / Frontend Frameworks | B60: React / Frontend Frameworks | C60: 3 | D60: 2.31 | E60: Web Development | F60: 5 | G60: 6.25 | H60: Partially Covered | I60: Conceptual | J60: Software Engineering | K60: Software Engineering
A61: Recommendation Systems | B61: Recommendation Systems | C61: 3 | D61: 2.31 | H61: Industry Only | I61: No Match | J61: Machine Learning
A62: SQL / Relational Databases | B62: SQL / Relational Databases | C62: 3 | D62: 2.31 | E62: Database Management Systems | F62: 49 | G62: 61.25 | H62: Covered | I62: Normalized | J62: Databases & SQL | K62: Databases & SQL
A63: Algorithms & Data Structures | B63: Algorithms & Data Structures | C63: 2 | D63: 1.54 | E63: Data Structures | F63: 72 | G63: 90 | H63: Covered | I63: Normalized | J63: Software Engineering | K63: Software Engineering
A64: Azure Databricks | B64: Azure Databricks | C64: 2 | D64: 1.54 | H64: Industry Only | I64: No Match | J64: Cloud & MLOps
A65: Bayesian Methods / Causal Inference | B65: Bayesian Methods / Causal Inference | C65: 2 | D65: 1.54 | E65: Bayesian Methods | F65: 5 | G65: 6.25 | H65: Covered | I65: Normalized | J65: Data Analysis & Statistics | K65: Machine Learning
A66: C / C++ | B66: C / C++ | C66: 2 | D66: 1.54 | E66: C++ | F66: 3 | G66: 3.75 | H66: Covered | I66: Normalized | J66: Programming Languages | K66: Programming Languages
A67: CI/CD Workflows | B67: CI/CD Workflows | C67: 2 | D67: 1.54 | H67: Industry Only | I67: No Match | J67: Cloud & MLOps
A68: Causal Inference | B68: Causal Inference | C68: 2 | D68: 1.54 | E68: Statistics | F68: 80 | G68: 100 | H68: Partially Covered | I68: Conceptual | J68: Data Analysis & Statistics | K68: Data Analysis & Statistics
A69: Cloud Data Warehousing (BigQuery / Redshift) | B69: Cloud Data Warehousing (BigQuery / Redshift) | C69: 2 | D69: 1.54 | E69: Data Warehousing | F69: 14 | G69: 17.5 | H69: Covered | I69: Normalized | J69: Data Engineering & Big Data | K69: Data Engineering & Big Data
A70: Computer Vision | B70: Computer Vision | C70: 2 | D70: 1.54 | E70: Computer Vision | F70: 25 | G70: 31.25 | H70: Covered | I70: Exact | J70: Computer Vision | K70: Computer Vision
A71: Computer Vision / Image Processing | B71: Computer Vision / Image Processing | C71: 2 | D71: 1.54 | E71: Digital Image Processing | F71: 3 | G71: 3.75 | H71: Covered | I71: Normalized | J71: Computer Vision | K71: Computer Vision
A72: Data Mining | B72: Data Mining | C72: 2 | D72: 1.54 | E72: Data Mining | F72: 61 | G72: 76.25 | H72: Covered | I72: Exact | J72: Data Analysis & Statistics | K72: Data Analysis & Statistics
A73: Experimental Design & A/B Testing | B73: Experimental Design & A/B Testing | C73: 2 | D73: 1.54 | H73: Industry Only | I73: No Match | J73: Data Analysis & Statistics
A74: Experimentation & Model Fine-Tuning | B74: Experimentation & Model Fine-Tuning | C74: 2 | D74: 1.54 | H74: Industry Only | I74: No Match | J74: Machine Learning
A75: Fine-Tuning LLMs | B75: Fine-Tuning LLMs | C75: 2 | D75: 1.54 | H75: Industry Only | I75: No Match | J75: Generative AI & NLP
A76: Large-Scale Data Processing / Big Data | B76: Large-Scale Data Processing / Big Data | C76: 2 | D76: 1.54 | E76: Big Data | F76: 46 | G76: 57.5 | H76: Covered | I76: Normalized | J76: Data Engineering & Big Data | K76: Data Engineering & Big Data
A77: Model Evaluation & Optimization | B77: Model Evaluation & Optimization | C77: 2 | D77: 1.54 | E77: Optimization | F77: 13 | G77: 16.25 | H77: Partially Covered | I77: Conceptual | J77: Machine Learning | K77: Data Analysis & Statistics
A78: Predictive Analytics | B78: Predictive Analytics | C78: 2 | D78: 1.54 | E78: Data Analytics | F78: 56 | G78: 70 | H78: Partially Covered | I78: Conceptual | J78: Data Analysis & Statistics | K78: Data Analysis & Statistics
A79: Reporting & Documentation | B79: Reporting & Documentation | C79: 2 | D79: 1.54 | H79: Industry Only | I79: No Match | J79: Professional & Soft Skills
A80: AI Safety & Responsible AI | B80: AI Safety & Responsible AI | C80: 1 | D80: 0.77 | E80: Ethics | F80: 9 | G80: 11.25 | H80: Partially Covered | I80: Conceptual | J80: Artificial Intelligence | K80: Professional & Soft Skills
A81: Autonomous Driving / ADAS | B81: Autonomous Driving / ADAS | C81: 1 | D81: 0.77 | H81: Industry Only | I81: No Match | J81: Domain Applications
A82: Browser Automation | B82: Browser Automation | C82: 1 | D82: 0.77 | H82: Industry Only | I82: No Match | J82: Software Engineering
A83: Probability | E83: Probability | F83: 61 | G83: 76.25 | H83: Curriculum Only | I83: No Match | K83: Data Analysis & Statistics
A84: Cloud Computing | E84: Cloud Computing | F84: 46 | G84: 57.5 | H84: Curriculum Only | I84: No Match | K84: Cloud & MLOps
A85: Operating Systems | E85: Operating Systems | F85: 43 | G85: 53.75 | H85: Curriculum Only | I85: No Match | K85: Software Engineering
A86: Algorithms | E86: Algorithms | F86: 38 | G86: 47.5 | H86: Curriculum Only | I86: No Match | K86: Software Engineering
A87: Linear Algebra | E87: Linear Algebra | F87: 37 | G87: 46.25 | H87: Curriculum Only | I87: No Match | K87: Data Analysis & Statistics
A88: Internet of Things (IoT) | E88: Internet of Things (IoT) | F88: 28 | G88: 35 | H88: Curriculum Only | I88: No Match | K88: Domain Applications
A89: Computer Networks | E89: Computer Networks | F89: 25 | G89: 31.25 | H89: Curriculum Only | I89: No Match | K89: Software Engineering
A90: Excel | E90: Excel | F90: 25 | G90: 31.25 | H90: Curriculum Only | I90: No Match | K90: Data Visualization & BI
A91: Big Data Analytics | E91: Big Data Analytics | F91: 24 | G91: 30 | H91: Curriculum Only | I91: No Match | K91: Data Engineering & Big Data
A92: Cybersecurity | E92: Cybersecurity | F92: 23 | G92: 28.75 | H92: Curriculum Only | I92: No Match | K92: Software Engineering
A93: Neural Networks | E93: Neural Networks | F93: 22 | G93: 27.5 | H93: Curriculum Only | I93: No Match | K93: Deep Learning
A94: Graph Algorithms | E94: Graph Algorithms | F94: 18 | G94: 22.5 | H94: Curriculum Only | I94: No Match | K94: Software Engineering
... A127: Social Network Analysis | E127: Social Network Analysis | F127: 2 | G127: 2.5 | H127: Curriculum Only | I127: No Match | K127: Domain Applications

Sheet Alignment Analysis
A1: Analysis 3
A2: Alignment Analysis
A4: Standardized Skill | B4: Industry Prevalence | C4: Curriculum Prevalence | D4: Alignment | E4: Percentage-Point Difference (pp)
A5: {=_xlfn._xlws.FILTER(Skill_Matching!A2:A82,(Skill_Matching!H2:H82="Covered")+(Skill_Matching!H2:H82="Partially Covered"),"")} -> Python | B5: {=_xlfn._xlws.FILTER(Skill_Matching!D2:D82,(Skill_Matching!H2:H82="Covered")+(Skill_Matching!H2:H82="Partially Covered"),"")} -> 90 | C5: {=_xlfn._xlws.FILTER(Skill_Matching!G2:G82,(Skill_Matching!H2:H82="Covered")+(Skill_Matching!H2:H82="Partially Covered"),"")} -> 98.75 | D5: =IF(OR(B5="",C5="",MAX(B5,C5)=0),"",MIN(B5,C5)/MAX(B5,C5)) -> 0.91139241 | E5: =IF(OR(B5="",C5=""),"",B5-C5) -> -8.75
A6: Machine Learning | B6: 82.31 | C6: 93.75 | D6: =IF(OR(B6="",C6="",MAX(B6,C6)=0),"",MIN(B6,C6)/MAX(B6,C6)) -> 0.87797333 | E6: =IF(OR(B6="",C6=""),"",B6-C6) -> -11.44
A7: SQL | B7: 53.08 | C7: 40 | D7: =IF(OR(B7="",C7="",MAX(B7,C7)=0),"",MIN(B7,C7)/MAX(B7,C7)) -> 0.7535795 | E7: =IF(OR(B7="",C7=""),"",B7-C7) -> 13.08
A8: Cloud Platforms (AWS / Azure / GCP) | B8: 48.46 | C8: 16.25 | D8: =IF(OR(B8="",C8="",MAX(B8,C8)=0),"",MIN(B8,C8)/MAX(B8,C8)) -> 0.33532811 | E8: =IF(OR(B8="",C8=""),"",B8-C8) -> 32.21 | G8: ANALYSIS 3 SUMMARY
A9: Scikit-learn / NumPy / Pandas | B9: 47.69 | C9: 93.75 | D9: =IF(OR(B9="",C9="",MAX(B9,C9)=0),"",MIN(B9,C9)/MAX(B9,C9)) -> 0.50869333 | E9: =IF(OR(B9="",C9=""),"",B9-C9) -> -46.06
A10: Statistical Analysis | B10: 47.69 | C10: 100 | D10: =IF(OR(B10="",C10="",MAX(B10,C10)=0),"",MIN(B10,C10)/MAX(B10,C10)) -> 0.4769 | E10: =IF(OR(B10="",C10=""),"",B10-C10) -> -52.31 | G10: Number of Skills Analyzed | H10: =COUNT(B5:B51) -> 47
A11: Large Language Models (LLMs) | B11: 36.92 | C11: 70 | D11: =IF(OR(B11="",C11="",MAX(B11,C11)=0),"",MIN(B11,C11)/MAX(B11,C11)) -> 0.52742857 | E11: =IF(OR(B11="",C11=""),"",B11-C11) -> -33.08 | G11: Overall Alignment Score | H11: =AVERAGE(D5:D51) -> 0.33178114
A12: Generative AI | B12: 34.62 | C12: 10 | D12: =IF(OR(B12="",C12="",MAX(B12,C12)=0),"",MIN(B12,C12)/MAX(B12,C12)) -> 0.28885038 | E12: =IF(OR(B12="",C12=""),"",B12-C12) -> 24.62 | G12: Highest Alignment Skill | H12: =INDEX(A5:A51,MATCH(MAX(D5:D51),D5:D51,0)) -> Feature Engineering
A13: PyTorch | B13: 33.85 | C13: 78.75 | D13: =IF(OR(B13="",C13="",MAX(B13,C13)=0),"",MIN(B13,C13)/MAX(B13,C13)) -> 0.42984127 | E13: =IF(OR(B13="",C13=""),"",B13-C13) -> -44.9 | G13: Highest Alignment Value | H13: =MAX(D5:D51) -> 0.99580713
A14: TensorFlow / Keras | B14: 32.31 | C14: 78.75 | D14: =IF(OR(B14="",C14="",MAX(B14,C14)=0),"",MIN(B14,C14)/MAX(B14,C14)) -> 0.41028571 | E14: =IF(OR(B14="",C14=""),"",B14-C14) -> -46.44 | G14: Lowest Alignment Skill | H14: =INDEX(A5:A51,MATCH(MIN(D5:D51),D5:D51,0)) -> Causal Inference
A15: Data Visualization | B15: 30 | C15: 43.75 | D15: =IF(OR(B15="",C15="",MAX(B15,C15)=0),"",MIN(B15,C15)/MAX(B15,C15)) -> 0.68571429 | E15: =IF(OR(B15="",C15=""),"",B15-C15) -> -13.75 | G15: Lowest Alignment Value | H15: =MIN(D5:D51) -> 0.0154
A16: Natural Language Processing (NLP) | B16: 30 | C16: 70 | D16: =IF(OR(B16="",C16="",MAX(B16,C16)=0),"",MIN(B16,C16)/MAX(B16,C16)) -> 0.42857143 | E16: =IF(OR(B16="",C16=""),"",B16-C16) -> -40 | G16: Largest Industry Advantage | H16: =INDEX(A5:A51,MATCH(MAX(E5:E51),E5:E51,0)) -> Cloud Platforms (AWS / Azure / GCP)
A17: Deep Learning | B17: 29.23 | C17: 78.75 | D17: =IF(OR(B17="",C17="",MAX(B17,C17)=0),"",MIN(B17,C17)/MAX(B17,C17)) -> 0.3711746 | E17: =IF(OR(B17="",C17=""),"",B17-C17) -> -49.52 | G17: Largest Industry Advantage Value | H17: =MAX(E5:E51) -> 32.21
A18: Feature Engineering | B18: 23.85 | C18: 23.75 | D18: =IF(OR(B18="",C18="",MAX(B18,C18)=0),"",MIN(B18,C18)/MAX(B18,C18)) -> 0.99580713 | E18: =IF(OR(B18="",C18=""),"",B18-C18) -> 0.1 | G18: Largest Curriculum Advantage | H18: =INDEX(A5:A51,MATCH(MIN(E5:E51),E5:E51,0)) -> Causal Inference
A19: Data Preprocessing & Cleaning | B19: 13.85 | C19: 23.75 | D19: =IF(OR(B19="",C19="",MAX(B19,C19)=0),"",MIN(B19,C19)/MAX(B19,C19)) -> 0.58315789 | E19: =IF(OR(B19="",C19=""),"",B19-C19) -> -9.9 | G19: Largest Curriculum Advantage Value | H19: =MIN(E5:E51) -> -98.46
A20: Time Series Forecasting | B20: 11.54 | C20: 22.5 | D20: =IF(OR(B20="",C20="",MAX(B20,C20)=0),"",MIN(B20,C20)/MAX(B20,C20)) -> 0.51288889 | E20: =IF(OR(B20="",C20=""),"",B20-C20) -> -10.96
A21: Data Visualization & Dashboards | B21: 10.77 | C21: 8.75 | D21: =IF(OR(B21="",C21="",MAX(B21,C21)=0),"",MIN(B21,C21)/MAX(B21,C21)) -> 0.81244197 | E21: =IF(OR(B21="",C21=""),"",B21-C21) -> 2.02
A22: Data Pipelines & Automation | B22: 8.46 | C22: 5 | D22: =IF(OR(B22="",C22="",MAX(B22,C22)=0),"",MIN(B22,C22)/MAX(B22,C22)) -> 0.59101655 | E22: =IF(OR(B22="",C22=""),"",B22-C22) -> 3.46 | G22: Top 10 Alignment Skills | H22: Alignment
A23: Hypothesis Testing | B23: 8.46 | C23: 100 | D23: =IF(OR(B23="",C23="",MAX(B23,C23)=0),"",MIN(B23,C23)/MAX(B23,C23)) -> 0.0846 | E23: =IF(OR(B23="",C23=""),"",B23-C23) -> -91.54 | G23: =INDEX($A$5:$A$51,MATCH(LARGE($D$5:$D$51,ROWS($G$22:G22)),$D$5:$D$51,0)) -> Feature Engineering | H23: =LARGE($D$5:$D$51,ROWS($H$22:H22)) -> 0.99580713
A24: R Programming | B24: 7.69 | C24: 28.75 | D24: =IF(OR(B24="",C24="",MAX(B24,C24)=0),"",MIN(B24,C24)/MAX(B24,C24)) -> 0.26747826 | E24: =IF(OR(B24="",C24=""),"",B24-C24) -> -21.06 | G24: =INDEX($A$5:$A$51,MATCH(LARGE($D$5:$D$51,ROWS($G$22:G23)),$D$5:$D$51,0)) -> Python | H24: =LARGE($D$5:$D$51,ROWS($H$22:H23)) -> 0.91139241
A25: Anomaly Detection | B25: 6.15 | C25: 93.75 | D25: =IF(OR(B25="",C25="",MAX(B25,C25)=0),"",MIN(B25,C25)/MAX(B25,C25)) -> 0.0656 | E25: =IF(OR(B25="",C25=""),"",B25-C25) -> -87.6 | G25: =INDEX($A$5:$A$51,MATCH(LARGE($D$5:$D$51,ROWS($G$22:G24)),$D$5:$D$51,0)) -> Machine Learning | H25: =LARGE($D$5:$D$51,ROWS($H$22:H24)) -> 0.87797333
A26: ETL / ELT Pipelines & Data Pipelines | B26: 6.15 | C26: 5 | D26: =IF(OR(B26="",C26="",MAX(B26,C26)=0),"",MIN(B26,C26)/MAX(B26,C26)) -> 0.81300813 | E26: =IF(OR(B26="",C26=""),"",B26-C26) -> 1.15 | G26: =INDEX($A$5:$A$51,MATCH(LARGE($D$5:$D$51,ROWS($G$22:G25)),$D$5:$D$51,0)) -> ETL / ELT Pipelines & Data Pipelines | H26: =LARGE($D$5:$D$51,ROWS($H$22:H25)) -> 0.81300813
A27: Exploratory Data Analysis (EDA) | B27: 6.15 | C27: 10 | D27: =IF(OR(B27="",C27="",MAX(B27,C27)=0),"",MIN(B27,C27)/MAX(B27,C27)) -> 0.615 | E27: =IF(OR(B27="",C27=""),"",B27-C27) -> -3.85 | G27: =INDEX($A$5:$A$51,MATCH(LARGE($D$5:$D$51,ROWS($G$22:G26)),$D$5:$D$51,0)) -> Data Visualization & Dashboards | H27: =LARGE($D$5:$D$51,ROWS($H$22:H26)) -> 0.81244197
A28: Big Data (Hadoop / Spark) | B28: 5.38 | C28: 57.5 | D28: =IF(OR(B28="",C28="",MAX(B28,C28)=0),"",MIN(B28,C28)/MAX(B28,C28)) -> 0.093565217 | E28: =IF(OR(B28="",C28=""),"",B28-C28) -> -52.12 | G28: =INDEX($A$5:$A$51,MATCH(LARGE($D$5:$D$51,ROWS($G$22:G27)),$D$5:$D$51,0)) -> SQL | H28: =LARGE($D$5:$D$51,ROWS($H$22:H27)) -> 0.7535795
A29: Artificial Intelligence | B29: 3.08 | C29: 76.25 | D29: =IF(OR(B29="",C29="",MAX(B29,C29)=0),"",MIN(B29,C29)/MAX(B29,C29)) -> 0.040393443 | E29: =IF(OR(B29="",C29=""),"",B29-C29) -> -73.17 | G29: =INDEX($A$5:$A$51,MATCH(LARGE($D$5:$D$51,ROWS($G$22:G28)),$D$5:$D$51,0)) -> Data Visualization | H29: =LARGE($D$5:$D$51,ROWS($H$22:H28)) -> 0.68571429
A30: Data Preprocessing & Augmentation | B30: 3.08 | C30: 23.75 | D30: =IF(OR(B30="",C30="",MAX(B30,C30)=0),"",MIN(B30,C30)/MAX(B30,C30)) -> 0.12968421 | E30: =IF(OR(B30="",C30=""),"",B30-C30) -> -20.67 | G30: =INDEX($A$5:$A$51,MATCH(LARGE($D$5:$D$51,ROWS($G$22:G29)),$D$5:$D$51,0)) -> Tableau | H30: =LARGE($D$5:$D$51,ROWS($H$22:H29)) -> 0.616
A31: Model Evaluation | B31: 3.08 | C31: 93.75 | D31: =IF(OR(B31="",C31="",MAX(B31,C31)=0),"",MIN(B31,C31)/MAX(B31,C31)) -> 0.032853333 | E31: =IF(OR(B31="",C31=""),"",B31-C31) -> -90.67 | G31: =INDEX($A$5:$A$51,MATCH(LARGE($D$5:$D$51,ROWS($G$22:G30)),$D$5:$D$51,0)) -> Exploratory Data Analysis (EDA) | H31: =LARGE($D$5:$D$51,ROWS($H$22:H30)) -> 0.615
A32: Predictive Modeling | B32: 3.08 | C32: 46.25 | D32: =IF(OR(B32="",C32="",MAX(B32,C32)=0),"",MIN(B32,C32)/MAX(B32,C32)) -> 0.066594595 | E32: =IF(OR(B32="",C32=""),"",B32-C32) -> -43.17 | G32: =INDEX($A$5:$A$51,MATCH(LARGE($D$5:$D$51,ROWS($G$22:G31)),$D$5:$D$51,0)) -> Data Pipelines & Automation | H32: =LARGE($D$5:$D$51,ROWS($H$22:H31)) -> 0.59101655
A33: Statistical Modeling | B33: 3.08 | C33: 100 | D33: =IF(OR(B33="",C33="",MAX(B33,C33)=0),"",MIN(B33,C33)/MAX(B33,C33)) -> 0.0308 | E33: =IF(OR(B33="",C33=""),"",B33-C33) -> -96.92
A34: Supervised Learning | B34: 3.08 | C34: 33.75 | D34: =IF(OR(B34="",C34="",MAX(B34,C34)=0),"",MIN(B34,C34)/MAX(B34,C34)) -> 0.091259259 | E34: =IF(OR(B34="",C34=""),"",B34-C34) -> -30.67
A35: Tableau | B35: 3.08 | C35: 5 | D35: =IF(OR(B35="",C35="",MAX(B35,C35)=0),"",MIN(B35,C35)/MAX(B35,C35)) -> 0.616 | E35: =IF(OR(B35="",C35=""),"",B35-C35) -> -1.92
A36: Customer Segmentation | B36: 2.31 | C36: 27.5 | D36: =IF(OR(B36="",C36="",MAX(B36,C36)=0),"",MIN(B36,C36)/MAX(B36,C36)) -> 0.084 | E36: =IF(OR(B36="",C36=""),"",B36-C36) -> -25.19
A37: NoSQL Databases | B37: 2.31 | C37: 12.5 | D37: =IF(OR(B37="",C37="",MAX(B37,C37)=0),"",MIN(B37,C37)/MAX(B37,C37)) -> 0.1848 | E37: =IF(OR(B37="",C37=""),"",B37-C37) -> -10.19
A38: React / Frontend Frameworks | B38: 2.31 | C38: 6.25 | D38: =IF(OR(B38="",C38="",MAX(B38,C38)=0),"",MIN(B38,C38)/MAX(B38,C38)) -> 0.3696 | E38: =IF(OR(B38="",C38=""),"",B38-C38) -> -3.94
A39: SQL / Relational Databases | B39: 2.31 | C39: 61.25 | D39: =IF(OR(B39="",C39="",MAX(B39,C39)=0),"",MIN(B39,C39)/MAX(B39,C39)) -> 0.037714286 | E39: =IF(OR(B39="",C39=""),"",B39-C39) -> -58.94
A40: Algorithms & Data Structures | B40: 1.54 | C40: 90 | D40: =IF(OR(B40="",C40="",MAX(B40,C40)=0),"",MIN(B40,C40)/MAX(B40,C40)) -> 0.017111111 | E40: =IF(OR(B40="",C40=""),"",B40-C40) -> -88.46
A41: Bayesian Methods / Causal Inference | B41: 1.54 | C41: 6.25 | D41: =IF(OR(B41="",C41="",MAX(B41,C41)=0),"",MIN(B41,C41)/MAX(B41,C41)) -> 0.2464 | E41: =IF(OR(B41="",C41=""),"",B41-C41) -> -4.71
A42: C / C++ | B42: 1.54 | C42: 3.75 | D42: =IF(OR(B42="",C42="",MAX(B42,C42)=0),"",MIN(B42,C42)/MAX(B42,C42)) -> 0.41066667 | E42: =IF(OR(B42="",C42=""),"",B42-C42) -> -2.21
A43: Causal Inference | B43: 1.54 | C43: 100 | D43: =IF(OR(B43="",C43="",MAX(B43,C43)=0),"",MIN(B43,C43)/MAX(B43,C43)) -> 0.0154 | E43: =IF(OR(B43="",C43=""),"",B43-C43) -> -98.46
A44: Cloud Data Warehousing (BigQuery / Redshift) | B44: 1.54 | C44: 17.5 | D44: =IF(OR(B44="",C44="",MAX(B44,C44)=0),"",MIN(B44,C44)/MAX(B44,C44)) -> 0.088 | E44: =IF(OR(B44="",C44=""),"",B44-C44) -> -15.96
... A51: AI Safety & Responsible AI | B51: 0.77 | C51: 11.25 | D51: =IF(OR(B51="",C51="",MAX(B51,C51)=0),"",MIN(B51,C51)/MAX(B51,C51)) -> 0.068444444 | E51: =IF(OR(B51="",C51=""),"",B51-C51) -> -10.48

Sheet Skill Gap Analysis
A1: Analysis 4
A2: Skill Gap Analysis
A4: Standardized Skill | B4: Industry Prevalence | C4: Curriculum Prevalence | D4: Skill Gap | E4: Absolute Gap | F4: Gap Direction
A5: ='Alignment Analysis'!A5 -> Python | B5: ='Alignment Analysis'!B5 -> 90 | C5: ='Alignment Analysis'!C5 -> 98.75 | D5: =B5-C5 -> -8.75 | E5: =ABS(D5) -> 8.75 | F5: =IF(D5>0,"Industry Higher",IF(D5<0,"Curriculum Higher","Equal")) -> Curriculum Higher
A6: ='Alignment Analysis'!A6 -> Machine Learning | B6: ='Alignment Analysis'!B6 -> 82.31 | C6: ='Alignment Analysis'!C6 -> 93.75 | D6: =B6-C6 -> -11.44 | E6: =ABS(D6) -> 11.44 | F6: =IF(D6>0,"Industry Higher",IF(D6<0,"Curriculum Higher","Equal")) -> Curriculum Higher
A7: ='Alignment Analysis'!A7 -> SQL | B7: ='Alignment Analysis'!B7 -> 53.08 | C7: ='Alignment Analysis'!C7 -> 40 | D7: =B7-C7 -> 13.08 | E7: =ABS(D7) -> 13.08 | F7: =IF(D7>0,"Industry Higher",IF(D7<0,"Curriculum Higher","Equal")) -> Industry Higher
A8: ='Alignment Analysis'!A8 -> Cloud Platforms (AWS / Azure / GCP) | B8: ='Alignment Analysis'!B8 -> 48.46 | C8: ='Alignment Analysis'!C8 -> 16.25 | D8: =B8-C8 -> 32.21 | E8: =ABS(D8) -> 32.21 | F8: =IF(D8>0,"Industry Higher",IF(D8<0,"Curriculum Higher","Equal")) -> Industry Higher
A9: ='Alignment Analysis'!A9 -> Scikit-learn / NumPy / Pandas | B9: ='Alignment Analysis'!B9 -> 47.69 | C9: ='Alignment Analysis'!C9 -> 93.75 | D9: =B9-C9 -> -46.06 | E9: =ABS(D9) -> 46.06 | F9: =IF(D9>0,"Industry Higher",IF(D9<0,"Curriculum Higher","Equal")) -> Curriculum Higher | I9: Analysis 4 Summary
A10: ='Alignment Analysis'!A10 -> Statistical Analysis | B10: ='Alignment Analysis'!B10 -> 47.69 | C10: ='Alignment Analysis'!C10 -> 100 | D10: =B10-C10 -> -52.31 | E10: =ABS(D10) -> 52.31 | F10: =IF(D10>0,"Industry Higher",IF(D10<0,"Curriculum Higher","Equal")) -> Curriculum Higher
A11: ='Alignment Analysis'!A11 -> Large Language Models (LLMs) | B11: ='Alignment Analysis'!B11 -> 36.92 | C11: ='Alignment Analysis'!C11 -> 70 | D11: =B11-C11 -> -33.08 | E11: =ABS(D11) -> 33.08 | F11: =IF(D11>0,"Industry Higher",IF(D11<0,"Curriculum Higher","Equal")) -> Curriculum Higher | H11: Result | I11: Skill | J11: Value
A12: ='Alignment Analysis'!A12 -> Generative AI | B12: ='Alignment Analysis'!B12 -> 34.62 | C12: ='Alignment Analysis'!C12 -> 10 | D12: =B12-C12 -> 24.62 | E12: =ABS(D12) -> 24.62 | F12: =IF(D12>0,"Industry Higher",IF(D12<0,"Curriculum Higher","Equal")) -> Industry Higher | H12: Largest Industry Gap | I12: =INDEX(A5:A51,MATCH(MAX(D5:D51),D5:D51,0)) -> Cloud Platforms (AWS / Azure / GCP) | J12: =MAX(D5:D51) -> 32.21
A13: ='Alignment Analysis'!A13 -> PyTorch | B13: ='Alignment Analysis'!B13 -> 33.85 | C13: ='Alignment Analysis'!C13 -> 78.75 | D13: =B13-C13 -> -44.9 | E13: =ABS(D13) -> 44.9 | F13: =IF(D13>0,"Industry Higher",IF(D13<0,"Curriculum Higher","Equal")) -> Curriculum Higher | H13: Largest Curriculum Gap | I13: =INDEX(A5:A51,MATCH(MIN(D5:D51),D5:D51,0)) -> Causal Inference | J13: =MIN(D5:D51) -> -98.46
A14: ='Alignment Analysis'!A14 -> TensorFlow / Keras | B14: ='Alignment Analysis'!B14 -> 32.31 | C14: ='Alignment Analysis'!C14 -> 78.75 | D14: =B14-C14 -> -46.44 | E14: =ABS(D14) -> 46.44 | F14: =IF(D14>0,"Industry Higher",IF(D14<0,"Curriculum Higher","Equal")) -> Curriculum Higher | H14: Largest Absolute Gap | I14: =INDEX(A5:A51,MATCH(MAX(E5:E51),E5:E51,0)) -> Causal Inference | J14: =MAX(E5:E51) -> 98.46
A15: ='Alignment Analysis'!A15 -> Data Visualization | B15: ='Alignment Analysis'!B15 -> 30 | C15: ='Alignment Analysis'!C15 -> 43.75 | D15: =B15-C15 -> -13.75 | E15: =ABS(D15) -> 13.75 | F15: =IF(D15>0,"Industry Higher",IF(D15<0,"Curriculum Higher","Equal")) -> Curriculum Higher
A16: ='Alignment Analysis'!A16 -> Natural Language Processing (NLP) | B16: ='Alignment Analysis'!B16 -> 30 | C16: ='Alignment Analysis'!C16 -> 70 | D16: =B16-C16 -> -40 | E16: =ABS(D16) -> 40 | F16: =IF(D16>0,"Industry Higher",IF(D16<0,"Curriculum Higher","Equal")) -> Curriculum Higher
A17: ='Alignment Analysis'!A17 -> Deep Learning | B17: ='Alignment Analysis'!B17 -> 29.23 | C17: ='Alignment Analysis'!C17 -> 78.75 | D17: =B17-C17 -> -49.52 | E17: =ABS(D17) -> 49.52 | F17: =IF(D17>0,"Industry Higher",IF(D17<0,"Curriculum Higher","Equal")) -> Curriculum Higher
A18: ='Alignment Analysis'!A18 -> Feature Engineering | B18: ='Alignment Analysis'!B18 -> 23.85 | C18: ='Alignment Analysis'!C18 -> 23.75 | D18: =B18-C18 -> 0.1 | E18: =ABS(D18) -> 0.1 | F18: =IF(D18>0,"Industry Higher",IF(D18<0,"Curriculum Higher","Equal")) -> Industry Higher
A19: ='Alignment Analysis'!A19 -> Data Preprocessing & Cleaning | B19: ='Alignment Analysis'!B19 -> 13.85 | C19: ='Alignment Analysis'!C19 -> 23.75 | D19: =B19-C19 -> -9.9 | E19: =ABS(D19) -> 9.9 | F19: =IF(D19>0,"Industry Higher",IF(D19<0,"Curriculum Higher","Equal")) -> Curriculum Higher
A20: ='Alignment Analysis'!A20 -> Time Series Forecasting | B20: ='Alignment Analysis'!B20 -> 11.54 | C20: ='Alignment Analysis'!C20 -> 22.5 | D20: =B20-C20 -> -10.96 | E20: =ABS(D20) -> 10.96 | F20: =IF(D20>0,"Industry Higher",IF(D20<0,"Curriculum Higher","Equal")) -> Curriculum Higher
A21: ='Alignment Analysis'!A21 -> Data Visualization & Dashboards | B21: ='Alignment Analysis'!B21 -> 10.77 | C21: ='Alignment Analysis'!C21 -> 8.75 | D21: =B21-C21 -> 2.02 | E21: =ABS(D21) -> 2.02 | F21: =IF(D21>0,"Industry Higher",IF(D21<0,"Curriculum Higher","Equal")) -> Industry Higher
A22: ='Alignment Analysis'!A22 -> Data Pipelines & Automation | B22: ='Alignment Analysis'!B22 -> 8.46 | C22: ='Alignment Analysis'!C22 -> 5 | D22: =B22-C22 -> 3.46 | E22: =ABS(D22) -> 3.46 | F22: =IF(D22>0,"Industry Higher",IF(D22<0,"Curriculum Higher","Equal")) -> Industry Higher
A23: ='Alignment Analysis'!A23 -> Hypothesis Testing | B23: ='Alignment Analysis'!B23 -> 8.46 | C23: ='Alignment Analysis'!C23 -> 100 | D23: =B23-C23 -> -91.54 | E23: =ABS(D23) -> 91.54 | F23: =IF(D23>0,"Industry Higher",IF(D23<0,"Curriculum Higher","Equal")) -> Curriculum Higher
A24: ='Alignment Analysis'!A24 -> R Programming | B24: ='Alignment Analysis'!B24 -> 7.69 | C24: ='Alignment Analysis'!C24 -> 28.75 | D24: =B24-C24 -> -21.06 | E24: =ABS(D24) -> 21.06 | F24: =IF(D24>0,"Industry Higher",IF(D24<0,"Curriculum Higher","Equal")) -> Curriculum Higher
A25: ='Alignment Analysis'!A25 -> Anomaly Detection | B25: ='Alignment Analysis'!B25 -> 6.15 | C25: ='Alignment Analysis'!C25 -> 93.75 | D25: =B25-C25 -> -87.6 | E25: =ABS(D25) -> 87.6 | F25: =IF(D25>0,"Industry Higher",IF(D25<0,"Curriculum Higher","Equal")) -> Curriculum Higher
A26: ='Alignment Analysis'!A26 -> ETL / ELT Pipelines & Data Pipelines | B26: ='Alignment Analysis'!B26 -> 6.15 | C26: ='Alignment Analysis'!C26 -> 5 | D26: =B26-C26 -> 1.15 | E26: =ABS(D26) -> 1.15 | F26: =IF(D26>0,"Industry Higher",IF(D26<0,"Curriculum Higher","Equal")) -> Industry Higher
... A51: ='Alignment Analysis'!A51 -> AI Safety & Responsible AI | B51: ='Alignment Analysis'!B51 -> 0.77 | C51: ='Alignment Analysis'!C51 -> 11.25 | D51: =B51-C51 -> -10.48 | E51: =ABS(D51) -> 10.48 | F51: =IF(D51>0,"Industry Higher",IF(D51<0,"Curriculum Higher","Equal")) -> Curriculum Higher
A91: Standardized Skill | B91: Absolute Gap
A92: =INDEX($A$5:$A$51,MATCH(B92,$E$5:$E$51,0)) -> Causal Inference | B92: =LARGE($E$5:$E$51,ROWS($B$36:B36)) -> 98.46
A93: =INDEX($A$5:$A$51,MATCH(B93,$E$5:$E$51,0)) -> Statistical Modeling | B93: =LARGE($E$5:$E$51,ROWS($B$36:B37)) -> 96.92
A94: =INDEX($A$5:$A$51,MATCH(B94,$E$5:$E$51,0)) -> Hypothesis Testing | B94: =LARGE($E$5:$E$51,ROWS($B$36:B38)) -> 91.54
A95: =INDEX($A$5:$A$51,MATCH(B95,$E$5:$E$51,0)) -> Model Evaluation | B95: =LARGE($E$5:$E$51,ROWS($B$36:B39)) -> 90.67
A96: =INDEX($A$5:$A$51,MATCH(B96,$E$5:$E$51,0)) -> Algorithms & Data Structures | B96: =LARGE($E$5:$E$51,ROWS($B$36:B40)) -> 88.46
A97: =INDEX($A$5:$A$51,MATCH(B97,$E$5:$E$51,0)) -> Anomaly Detection | B97: =LARGE($E$5:$E$51,ROWS($B$36:B41)) -> 87.6
A98: =INDEX($A$5:$A$51,MATCH(B98,$E$5:$E$51,0)) -> Data Mining | B98: =LARGE($E$5:$E$51,ROWS($B$36:B42)) -> 74.71
A99: =INDEX($A$5:$A$51,MATCH(B99,$E$5:$E$51,0)) -> Artificial Intelligence | B99: =LARGE($E$5:$E$51,ROWS($B$36:B43)) -> 73.17
A100: =INDEX($A$5:$A$51,MATCH(B100,$E$5:$E$51,0)) -> Predictive Analytics | B100: =LARGE($E$5:$E$51,ROWS($B$36:B44)) -> 68.46
A101: =INDEX($A$5:$A$51,MATCH(B101,$E$5:$E$51,0)) -> SQL / Relational Databases | B101: =LARGE($E$5:$E$51,ROWS($B$36:B45)) -> 58.94

Sheet Curriculum Coverage
A1: Analysis 5
A2: Curriculum Coverage Analysis
A4: Standardized Skill | B4: Coverage Status | C4: Priority Tier | D4: Skill Category | E4: Industry Frequency | F4: Strict Coverage | G4: Braod Coverage
A5: {=IFERROR(INDEX(Skill_Matching!$A$2:$A$200,_xlfn.AGGREGATE(15,6,(ROW(Skill_Matching!$A$2:$A$200)-ROW(Skill_Matching!$A$2)+1)/(Skill_Matching!$D$2:$D$200<>""),ROWS($A$5:A5))),"")} -> Python | B5: {=IF(A5="","",INDEX(Skill_Matching!$H$2:$H$200,_xlfn.AGGREGATE(15,6,(ROW(Skill_Matching!$A$2:$A$200)-ROW(Skill_Matching!$A$2)+1)/(Skill_Matching!$D$2:$D$200<>""),ROWS($A$5:A5))))} -> Covered | C5: =IF(E5="","",IF(E5>=50,"Tier 1",IF(E5>=25,"Tier 2",IF(E5>=10,"Tier 3","Tier 4")))) -> Tier 1 | D5: =_xlfn.XLOOKUP(A5,Skill_Matching!$A$2:$A$200,Skill_Matching!$J$2:$J$200,"") -> Programming Languages | E5: =_xlfn.XLOOKUP(A5,Skill_Matching!$A$2:$A$200,Skill_Matching!$D$2:$D$200,"") -> 90 | F5: =IF(B5="Covered",1,0) -> 1 | G5: =IF(OR(B5="Covered",B5="Partially Covered"),1,0) -> 1
A6: {=IFERROR(INDEX(Skill_Matching!$A$2:$A$200,_xlfn.AGGREGATE(15,6,(ROW(Skill_Matching!$A$2:$A$200)-ROW(Skill_Matching!$A$2)+1)/(Skill_Matching!$D$2:$D$200<>""),ROWS($A$5:A6))),"")} -> Communication & Collaboration | B6: {=IF(A6="","",INDEX(Skill_Matching!$H$2:$H$200,_xlfn.AGGREGATE(15,6,(ROW(Skill_Matching!$A$2:$A$200)-ROW(Skill_Matching!$A$2)+1)/(Skill_Matching!$D$2:$D$200<>""),ROWS($A$5:A6))))} -> Industry Only | C6: =IF(E6="","",IF(E6>=50,"Tier 1",IF(E6>=25,"Tier 2",IF(E6>=10,"Tier 3","Tier 4")))) -> Tier 1 | D6: =_xlfn.XLOOKUP(A6,Skill_Matching!$A$2:$A$200,Skill_Matching!$J$2:$J$200,"") -> Professional & Soft Skills | E6: =_xlfn.XLOOKUP(A6,Skill_Matching!$A$2:$A$200,Skill_Matching!$D$2:$D$200,"") -> 84.62 | F6: =IF(B6="Covered",1,0) -> 0 | G6: =IF(OR(B6="Covered",B6="Partially Covered"),1,0) -> 0
A7: {=IFERROR(INDEX(Skill_Matching!$A$2:$A$200,_xlfn.AGGREGATE(15,6,(ROW(Skill_Matching!$A$2:$A$200)-ROW(Skill_Matching!$A$2)+1)/(Skill_Matching!$D$2:$D$200<>""),ROWS($A$5:A7))),"")} -> Machine Learning | B7: {=IF(A7="","",INDEX(Skill_Matching!$H$2:$H$200,_xlfn.AGGREGATE(15,6,(ROW(Skill_Matching!$A$2:$A$200)-ROW(Skill_Matching!$A$2)+1)/(Skill_Matching!$D$2:$D$200<>""),ROWS($A$5:A7))))} -> Covered | C7: =IF(E7="","",IF(E7>=50,"Tier 1",IF(E7>=25,"Tier 2",IF(E7>=10,"Tier 3","Tier 4")))) -> Tier 1 | D7: =_xlfn.XLOOKUP(A7,Skill_Matching!$A$2:$A$200,Skill_Matching!$J$2:$J$200,"") -> Machine Learning | E7: =_xlfn.XLOOKUP(A7,Skill_Matching!$A$2:$A$200,Skill_Matching!$D$2:$D$200,"") -> 82.31 | F7: =IF(B7="Covered",1,0) -> 1 | G7: =IF(OR(B7="Covered",B7="Partially Covered"),1,0) -> 1
A8: {=IFERROR(INDEX(Skill_Matching!$A$2:$A$200,_xlfn.AGGREGATE(15,6,(ROW(Skill_Matching!$A$2:$A$200)-ROW(Skill_Matching!$A$2)+1)/(Skill_Matching!$D$2:$D$200<>""),ROWS($A$5:A8))),"")} -> Analytical Thinking & Problem Solving | B8: {=IF(A8="","",INDEX(Skill_Matching!$H$2:$H$200,_xlfn.AGGREGATE(15,6,(ROW(Skill_Matching!$A$2:$A$200)-ROW(Skill_Matching!$A$2)+1)/(Skill_Matching!$D$2:$D$200<>""),ROWS($A$5:A8))))} -> Industry Only | C8: =IF(E8="","",IF(E8>=50,"Tier 1",IF(E8>=25,"Tier 2",IF(E8>=10,"Tier 3","Tier 4")))) -> Tier 1 | D8: =_xlfn.XLOOKUP(A8,Skill_Matching!$A$2:$A$200,Skill_Matching!$J$2:$J$200,"") -> Professional & Soft Skills | E8: =_xlfn.XLOOKUP(A8,Skill_Matching!$A$2:$A$200,Skill_Matching!$D$2:$D$200,"") -> 76.92 | F8: =IF(B8="Covered",1,0) -> 0 | G8: =IF(OR(B8="Covered",B8="Partially Covered"),1,0) -> 0
A9: {=IFERROR(INDEX(Skill_Matching!$A$2:$A$200,_xlfn.AGGREGATE(15,6,(ROW(Skill_Matching!$A$2:$A$200)-ROW(Skill_Matching!$A$2)+1)/(Skill_Matching!$D$2:$D$200<>""),ROWS($A$5:A9))),"")} -> SQL | B9: {=IF(A9="","",INDEX(Skill_Matching!$H$2:$H$200,_xlfn.AGGREGATE(15,6,(ROW(Skill_Matching!$A$2:$A$200)-ROW(Skill_Matching!$A$2)+1)/(Skill_Matching!$D$2:$D$200<>""),ROWS($A$5:A9))))} -> Covered | C9: =IF(E9="","",IF(E9>=50,"Tier 1",IF(E9>=25,"Tier 2",IF(E9>=10,"Tier 3","Tier 4")))) -> Tier 1 | D9: =_xlfn.XLOOKUP(A9,Skill_Matching!$A$2:$A$200,Skill_Matching!$J$2:$J$200,"") -> Databases & SQL | E9: =_xlfn.XLOOKUP(A9,Skill_Matching!$A$2:$A$200,Skill_Matching!$D$2:$D$200,"") -> 53.08 | F9: =IF(B9="Covered",1,0) -> 1 | G9: =IF(OR(B9="Covered",B9="Partially Covered"),1,0) -> 1
A10: {=IFERROR(INDEX(Skill_Matching!$A$2:$A$200,_xlfn.AGGREGATE(15,6,(ROW(Skill_Matching!$A$2:$A$200)-ROW(Skill_Matching!$A$2)+1)/(Skill_Matching!$D$2:$D$200<>""),ROWS($A$5:A10))),"")} -> Cloud Platforms (AWS / Azure / GCP) | B10: {=IF(A10="","",INDEX(Skill_Matching!$H$2:$H$200,_xlfn.AGGREGATE(15,6,(ROW(Skill_Matching!$A$2:$A$200)-ROW(Skill_Matching!$A$2)+1)/(Skill_Matching!$D$2:$D$200<>""),ROWS($A$5:A10))))} -> Covered | C10: =IF(E10="","",IF(E10>=50,"Tier 1",IF(E10>=25,"Tier 2",IF(E10>=10,"Tier 3","Tier 4")))) -> Tier 2 | D10: =_xlfn.XLOOKUP(A10,Skill_Matching!$A$2:$A$200,Skill_Matching!$J$2:$J$200,"") -> Cloud & MLOps | E10: =_xlfn.XLOOKUP(A10,Skill_Matching!$A$2:$A$200,Skill_Matching!$D$2:$D$200,"") -> 48.46 | F10: =IF(B10="Covered",1,0) -> 1 | G10: =IF(OR(B10="Covered",B10="Partially Covered"),1,0) -> 1
A11: {=IFERROR(INDEX(Skill_Matching!$A$2:$A$200,_xlfn.AGGREGATE(15,6,(ROW(Skill_Matching!$A$2:$A$200)-ROW(Skill_Matching!$A$2)+1)/(Skill_Matching!$D$2:$D$200<>""),ROWS($A$5:A11))),"")} -> Scikit-learn / NumPy / Pandas | B11: {=IF(A11="","",INDEX(Skill_Matching!$H$2:$H$200,_xlfn.AGGREGATE(15,6,(ROW(Skill_Matching!$A$2:$A$200)-ROW(Skill_Matching!$A$2)+1)/(Skill_Matching!$D$2:$D$200<>""),ROWS($A$5:A11))))} -> Partially Covered | C11: =IF(E11="","",IF(E11>=50,"Tier 1",IF(E11>=25,"Tier 2",IF(E11>=10,"Tier 3","Tier 4")))) -> Tier 2 | D11: =_xlfn.XLOOKUP(A11,Skill_Matching!$A$2:$A$200,Skill_Matching!$J$2:$J$200,"") -> Machine Learning | E11: =_xlfn.XLOOKUP(A11,Skill_Matching!$A$2:$A$200,Skill_Matching!$D$2:$D$200,"") -> 47.69 | F11: =IF(B11="Covered",1,0) -> 0 | G11: =IF(OR(B11="Covered",B11="Partially Covered"),1,0) -> 1
A12: {=IFERROR(INDEX(Skill_Matching!$A$2:$A$200,_xlfn.AGGREGATE(15,6,(ROW(Skill_Matching!$A$2:$A$200)-ROW(Skill_Matching!$A$2)+1)/(Skill_Matching!$D$2:$D$200<>""),ROWS($A$5:A12))),"")} -> Statistical Analysis | B12: {=IF(A12="","",INDEX(Skill_Matching!$H$2:$H$200,_xlfn.AGGREGATE(15,6,(ROW(Skill_Matching!$A$2:$A$200)-ROW(Skill_Matching!$A$2)+1)/(Skill_Matching!$D$2:$D$200<>""),ROWS($A$5:A12))))} -> Covered | C12: =IF(E12="","",IF(E12>=50,"Tier 1",IF(E12>=25,"Tier 2",IF(E12>=10,"Tier 3","Tier 4")))) -> Tier 2 | D12: =_xlfn.XLOOKUP(A12,Skill_Matching!$A$2:$A$200,Skill_Matching!$J$2:$J$200,"") -> Data Analysis & Statistics | E12: =_xlfn.XLOOKUP(A12,Skill_Matching!$A$2:$A$200,Skill_Matching!$D$2:$D$200,"") -> 47.69 | F12: =IF(B12="Covered",1,0) -> 1 | G12: =IF(OR(B12="Covered",B12="Partially Covered"),1,0) -> 1
A13: {=IFERROR(INDEX(Skill_Matching!$A$2:$A$200,_xlfn.AGGREGATE(15,6,(ROW(Skill_Matching!$A$2:$A$200)-ROW(Skill_Matching!$A$2)+1)/(Skill_Matching!$D$2:$D$200<>""),ROWS($A$5:A13))),"")} -> Large Language Models (LLMs) | B13: {=IF(A13="","",INDEX(Skill_Matching!$H$2:$H$200,_xlfn.AGGREGATE(15,6,(ROW(Skill_Matching!$A$2:$A$200)-ROW(Skill_Matching!$A$2)+1)/(Skill_Matching!$D$2:$D$200<>""),ROWS($A$5:A13))))} -> Partially Covered | C13: =IF(E13="","",IF(E13>=50,"Tier 1",IF(E13>=25,"Tier 2",IF(E13>=10,"Tier 3","Tier 4")))) -> Tier 2 | D13: =_xlfn.XLOOKUP(A13,Skill_Matching!$A$2:$A$200,Skill_Matching!$J$2:$J$200,"") -> Generative AI & NLP | E13: =_xlfn.XLOOKUP(A13,Skill_Matching!$A$2:$A$200,Skill_Matching!$D$2:$D$200,"") -> 36.92 | F13: =IF(B13="Covered",1,0) -> 0 | G13: =IF(OR(B13="Covered",B13="Partially Covered"),1,0) -> 1
A14: {=IFERROR(INDEX(Skill_Matching!$A$2:$A$200,_xlfn.AGGREGATE(15,6,(ROW(Skill_Matching!$A$2:$A$200)-ROW(Skill_Matching!$A$2)+1)/(Skill_Matching!$D$2:$D$200<>""),ROWS($A$5:A14))),"")} -> Generative AI | B14: {=IF(A14="","",INDEX(Skill_Matching!$H$2:$H$200,_xlfn.AGGREGATE(15,6,(ROW(Skill_Matching!$A$2:$A$200)-ROW(Skill_Matching!$A$2)+1)/(Skill_Matching!$D$2:$D$200<>""),ROWS($A$5:A14))))} -> Covered | C14: =IF(E14="","",IF(E14>=50,"Tier 1",IF(E14>=25,"Tier 2",IF(E14>=10,"Tier 3","Tier 4")))) -> Tier 2 | D14: =_xlfn.XLOOKUP(A14,Skill_Matching!$A$2:$A$200,Skill_Matching!$J$2:$J$200,"") -> Generative AI & NLP | E14: =_xlfn.XLOOKUP(A14,Skill_Matching!$A$2:$A$200,Skill_Matching!$D$2:$D$200,"") -> 34.62 | F14: =IF(B14="Covered",1,0) -> 1 | G14: =IF(OR(B14="Covered",B14="Partially Covered"),1,0) -> 1
A15: {=IFERROR(INDEX(Skill_Matching!$A$2:$A$200,_xlfn.AGGREGATE(15,6,(ROW(Skill_Matching!$A$2:$A$200)-ROW(Skill_Matching!$A$2)+1)/(Skill_Matching!$D$2:$D$200<>""),ROWS($A$5:A15))),"")} -> PyTorch | B15: {=IF(A15="","",INDEX(Skill_Matching!$H$2:$H$200,_xlfn.AGGREGATE(15,6,(ROW(Skill_Matching!$A$2:$A$200)-ROW(Skill_Matching!$A$2)+1)/(Skill_Matching!$D$2:$D$200<>""),ROWS($A$5:A15))))} -> Partially Covered | C15: =IF(E15="","",IF(E15>=50,"Tier 1",IF(E15>=25,"Tier 2",IF(E15>=10,"Tier 3","Tier 4")))) -> Tier 2 | D15: =_xlfn.XLOOKUP(A15,Skill_Matching!$A$2:$A$200,Skill_Matching!$J$2:$J$200,"") -> Deep Learning | E15: =_xlfn.XLOOKUP(A15,Skill_Matching!$A$2:$A$200,Skill_Matching!$D$2:$D$200,"") -> 33.85 | F15: =IF(B15="Covered",1,0) -> 0 | G15: =IF(OR(B15="Covered",B15="Partially Covered"),1,0) -> 1
A16: {=IFERROR(INDEX(Skill_Matching!$A$2:$A$200,_xlfn.AGGREGATE(15,6,(ROW(Skill_Matching!$A$2:$A$200)-ROW(Skill_Matching!$A$2)+1)/(Skill_Matching!$D$2:$D$200<>""),ROWS($A$5:A16))),"")} -> TensorFlow / Keras | B16: {=IF(A16="","",INDEX(Skill_Matching!$H$2:$H$200,_xlfn.AGGREGATE(15,6,(ROW(Skill_Matching!$A$2:$A$200)-ROW(Skill_Matching!$A$2)+1)/(Skill_Matching!$D$2:$D$200<>""),ROWS($A$5:A16))))} -> Partially Covered | C16: =IF(E16="","",IF(E16>=50,"Tier 1",IF(E16>=25,"Tier 2",IF(E16>=10,"Tier 3","Tier 4")))) -> Tier 2 | D16: =_xlfn.XLOOKUP(A16,Skill_Matching!$A$2:$A$200,Skill_Matching!$J$2:$J$200,"") -> Deep Learning | E16: =_xlfn.XLOOKUP(A16,Skill_Matching!$A$2:$A$200,Skill_Matching!$D$2:$D$200,"") -> 32.31 | F16: =IF(B16="Covered",1,0) -> 0 | G16: =IF(OR(B16="Covered",B16="Partially Covered"),1,0) -> 1
... A85: {=IFERROR(INDEX(Skill_Matching!$A$2:$A$200,_xlfn.AGGREGATE(15,6,(ROW(Skill_Matching!$A$2:$A$200)-ROW(Skill_Matching!$A$2)+1)/(Skill_Matching!$D$2:$D$200<>""),ROWS($A$5:A85))),"")} -> Browser Automation | B85: {=IF(A85="","",INDEX(Skill_Matching!$H$2:$H$200,_xlfn.AGGREGATE(15,6,(ROW(Skill_Matching!$A$2:$A$200)-ROW(Skill_Matching!$A$2)+1)/(Skill_Matching!$D$2:$D$200<>""),ROWS($A$5:A85))))} -> Industry Only | C85: =IF(E85="","",IF(E85>=50,"Tier 1",IF(E85>=25,"Tier 2",IF(E85>=10,"Tier 3","Tier 4")))) -> Tier 4 | D85: =_xlfn.XLOOKUP(A85,Skill_Matching!$A$2:$A$200,Skill_Matching!$J$2:$J$200,"") -> Software Engineering | E85: =_xlfn.XLOOKUP(A85,Skill_Matching!$A$2:$A$200,Skill_Matching!$D$2:$D$200,"") -> 0.77 | F85: =IF(B85="Covered",1,0) -> 0 | G85: =IF(OR(B85="Covered",B85="Partially Covered"),1,0) -> 0
A86: {=IFERROR(INDEX(Skill_Matching!$A$2:$A$200,_xlfn.AGGREGATE(15,6,(ROW(Skill_Matching!$A$2:$A$200)-ROW(Skill_Matching!$A$2)+1)/(Skill_Matching!$D$2:$D$200<>""),ROWS($A$5:A86))),"")} | B86: {=IF(A86="","",INDEX(Skill_Matching!$H$2:$H$200,_xlfn.AGGREGATE(15,6,(ROW(Skill_Matching!$A$2:$A$200)-ROW(Skill_Matching!$A$2)+1)/(Skill_Matching!$D$2:$D$200<>""),ROWS($A$5:A86))))}
A87: {=IFERROR(INDEX(Skill_Matching!$A$2:$A$200,_xlfn.AGGREGATE(15,6,(ROW(Skill_Matching!$A$2:$A$200)-ROW(Skill_Matching!$A$2)+1)/(Skill_Matching!$D$2:$D$200<>""),ROWS($A$5:A87))),"")} | B87: {=IF(A87="","",INDEX(Skill_Matching!$H$2:$H$200,_xlfn.AGGREGATE(15,6,(ROW(Skill_Matching!$A$2:$A$200)-ROW(Skill_Matching!$A$2)+1)/(Skill_Matching!$D$2:$D$200<>""),ROWS($A$5:A87))))}
A88: {=IFERROR(INDEX(Skill_Matching!$A$2:$A$200,_xlfn.AGGREGATE(15,6,(ROW(Skill_Matching!$A$2:$A$200)-ROW(Skill_Matching!$A$2)+1)/(Skill_Matching!$D$2:$D$200<>""),ROWS($A$5:A88))),"")}
A89: {=IFERROR(INDEX(Skill_Matching!$A$2:$A$200,_xlfn.AGGREGATE(15,6,(ROW(Skill_Matching!$A$2:$A$200)-ROW(Skill_Matching!$A$2)+1)/(Skill_Matching!$D$2:$D$200<>""),ROWS($A$5:A89))),"")}
A90: {=IFERROR(INDEX(Skill_Matching!$A$2:$A$200,_xlfn.AGGREGATE(15,6,(ROW(Skill_Matching!$A$2:$A$200)-ROW(Skill_Matching!$A$2)+1)/(Skill_Matching!$D$2:$D$200<>""),ROWS($A$5:A90))),"")}
A97: Overall Curriculum Coverage | E97: Coverage Status | F97: Number of Skills
A98: Total Industry Skills | B98: =COUNTA(A5:A85) -> 81 | E98: Covered | F98: =COUNTIF($B$5:$B$90,"Covered") -> 25
A99: Covered Skills | B99: =COUNTIF(B5:B90,"Covered") -> 25 | E99: Partially Covered | F99: =COUNTIF($B$5:$B$90,"Partially Covered") -> 22
A100: Partially Covered Skills | B100: =COUNTIF(B5:B90,"Partially Covered") -> 22 | E100: Industry Only | F100: =COUNTIF($B$5:$B$90,"Industry Only") -> 34
A101: Industry Only | B101: =COUNTIF(B5:B90,"Industry Only") -> 34
A102: Strict CCR | B102: =COUNTIF(B5:B85,"Covered")/COUNTA(A5:A85) -> 0.30864198
A103: Broad CCR | B103: =(COUNTIF(B5:B85,"Covered")+COUNTIF(B5:B85,"Partially Covered"))/COUNTA(A5:A85) -> 0.58024691
A104: Industry Skill Rate | B104: =COUNTIF(B5:B85,"Industry Only")/COUNTA(A5:A85) -> 0.41975309
A105: Covered Skill Rate | B105: =COUNTIF(B5:B85,"Covered")/COUNTA(A5:A85) -> 0.30864198
A106: Partial Coverage Rate | B106: =COUNTIF(B5:B85,"Partially Covered")/COUNTA(A5:A85) -> 0.27160494
A112: Priority Tier | B112: Total Skills | C112: Covered | D112: Partially Covered | E112: Industry Only | F112: Coverage %
A113: Tier 1 | B113: =COUNTIF(C5:C90,"Tier 1") -> 5 | C113: =COUNTIFS($C$5:$C$90,A113&"*",$B$5:$B$90,"Covered") -> 3 | D113: =COUNTIFS($C$5:$C$90,A113&"*",$B$5:$B$90,"Partially Covered") -> 0 | E113: =COUNTIFS($C$5:$C$90,A113&"*",$B$5:$B$90,"Industry Only") -> 2 | F113: =C113/B113 -> 0.6
A114: Tier 2 | B114: =COUNTIF(C5:C90,"Tier 2") -> 10 | C114: =COUNTIFS($C$5:$C$90,A114&"*",$B$5:$B$90,"Covered") -> 6 | D114: =COUNTIFS($C$5:$C$90,A114&"*",$B$5:$B$90,"Partially Covered") -> 4 | E114: =COUNTIFS($C$5:$C$90,A114&"*",$B$5:$B$90,"Industry Only") -> 0 | F114: =C114/B114 -> 0.6
A115: Tier 3 | B115: =COUNTIF(C5:C90,"Tier 3") -> 9 | C115: =COUNTIFS($C$5:$C$90,A115&"*",$B$5:$B$90,"Covered") -> 1 | D115: =COUNTIFS($C$5:$C$90,A115&"*",$B$5:$B$90,"Partially Covered") -> 3 | E115: =COUNTIFS($C$5:$C$90,A115&"*",$B$5:$B$90,"Industry Only") -> 5 | F115: =C115/B115 -> 0.11111111
A116: Tier 4 | B116: =COUNTIF(C5:C90,"Tier 4") -> 57 | C116: =COUNTIFS($C$5:$C$90,A116&"*",$B$5:$B$90,"Covered") -> 15 | D116: =COUNTIFS($C$5:$C$90,A116&"*",$B$5:$B$90,"Partially Covered") -> 15 | E116: =COUNTIFS($C$5:$C$90,A116&"*",$B$5:$B$90,"Industry Only") -> 27 | F116: =C116/B116 -> 0.26315789
A120: Skill Category | B120: Total Industry Skills | C120: Covered | D120: Partially Covered | E120: Industry Only | F120: Strict Coverage % | G120: Broad Coverage %
A121: Data Analysis & Statistics | B121: =COUNTIF($D$5:$D$90,A121) -> 14 | C121: =COUNTIFS($D$5:$D$90,A121,$B$5:$B$90,"Covered") -> 5 | D121: =COUNTIFS($D$5:$D$90,A121,$B$5:$B$90,"Partially Covered") -> 6 | E121: =COUNTIFS($D$5:$D$90,A121,$B$5:$B$90,"Industry Only") -> 3 | F121: =C121/B121 -> 0.35714286 | G121: =(C121+D121)/B121 -> 0.78571429
A122: Programming Languages | B122: =COUNTIF($D$5:$D$90,A122) -> 3 | C122: =COUNTIFS($D$5:$D$90,A122,$B$5:$B$90,"Covered") -> 3 | D122: =COUNTIFS($D$5:$D$90,A122,$B$5:$B$90,"Partially Covered") -> 0 | E122: =COUNTIFS($D$5:$D$90,A122,$B$5:$B$90,"Industry Only") -> 0 | F122: =C122/B122 -> 1 | G122: =(C122+D122)/B122 -> 1
A123: Machine Learning | B123: =COUNTIF($D$5:$D$90,A123) -> 10 | C123: =COUNTIFS($D$5:$D$90,A123,$B$5:$B$90,"Covered") -> 1 | D123: =COUNTIFS($D$5:$D$90,A123,$B$5:$B$90,"Partially Covered") -> 7 | E123: =COUNTIFS($D$5:$D$90,A123,$B$5:$B$90,"Industry Only") -> 2 | F123: =C123/B123 -> 0.1 | G123: =(C123+D123)/B123 -> 0.8
A124: Software Engineering | B124: =COUNTIF($D$5:$D$90,A124) -> 6 | C124: =COUNTIFS($D$5:$D$90,A124,$B$5:$B$90,"Covered") -> 1 | D124: =COUNTIFS($D$5:$D$90,A124,$B$5:$B$90,"Partially Covered") -> 1 | E124: =COUNTIFS($D$5:$D$90,A124,$B$5:$B$90,"Industry Only") -> 4 | F124: =C124/B124 -> 0.16666667 | G124: =(C124+D124)/B124 -> 0.33333333
A125: Deep Learning | B125: =COUNTIF($D$5:$D$90,A125) -> 3 | C125: =COUNTIFS($D$5:$D$90,A125,$B$5:$B$90,"Covered") -> 1 | D125: =COUNTIFS($D$5:$D$90,A125,$B$5:$B$90,"Partially Covered") -> 2 | E125: =COUNTIFS($D$5:$D$90,A125,$B$5:$B$90,"Industry Only") -> 0 | F125: =C125/B125 -> 0.33333333 | G125: =(C125+D125)/B125 -> 1
A126: Artificial Intelligence | B126: =COUNTIF($D$5:$D$90,A126) -> 2 | C126: =COUNTIFS($D$5:$D$90,A126,$B$5:$B$90,"Covered") -> 1 | D126: =COUNTIFS($D$5:$D$90,A126,$B$5:$B$90,"Partially Covered") -> 1 | E126: =COUNTIFS($D$5:$D$90,A126,$B$5:$B$90,"Industry Only") -> 0 | F126: =C126/B126 -> 0.5 | G126: =(C126+D126)/B126 -> 1
A127: Generative AI & NLP | B127: =COUNTIF($D$5:$D$90,A127) -> 13 | C127: =COUNTIFS($D$5:$D$90,A127,$B$5:$B$90,"Covered") -> 2 | D127: =COUNTIFS($D$5:$D$90,A127,$B$5:$B$90,"Partially Covered") -> 1 | E127: =COUNTIFS($D$5:$D$90,A127,$B$5:$B$90,"Industry Only") -> 10 | F127: =C127/B127 -> 0.15384615 | G127: =(C127+D127)/B127 -> 0.23076923
A128: Databases & SQL | B128: =COUNTIF($D$5:$D$90,A128) -> 3 | C128: =COUNTIFS($D$5:$D$90,A128,$B$5:$B$90,"Covered") -> 3 | D128: =COUNTIFS($D$5:$D$90,A128,$B$5:$B$90,"Partially Covered") -> 0 | E128: =COUNTIFS($D$5:$D$90,A128,$B$5:$B$90,"Industry Only") -> 0 | F128: =C128/B128 -> 1 | G128: =(C128+D128)/B128 -> 1
A129: Cloud & MLOps | B129: =COUNTIF($D$5:$D$90,A129) -> 8 | C129: =COUNTIFS($D$5:$D$90,A129,$B$5:$B$90,"Covered") -> 1 | D129: =COUNTIFS($D$5:$D$90,A129,$B$5:$B$90,"Partially Covered") -> 0 | E129: =COUNTIFS($D$5:$D$90,A129,$B$5:$B$90,"Industry Only") -> 7 | F129: =C129/B129 -> 0.125 | G129: =(C129+D129)/B129 -> 0.125
A130: Data Engineering & Big Data | B130: =COUNTIF($D$5:$D$90,A130) -> 6 | C130: =COUNTIFS($D$5:$D$90,A130,$B$5:$B$90,"Covered") -> 3 | D130: =COUNTIFS($D$5:$D$90,A130,$B$5:$B$90,"Partially Covered") -> 2 | E130: =COUNTIFS($D$5:$D$90,A130,$B$5:$B$90,"Industry Only") -> 1 | F130: =C130/B130 -> 0.5 | G130: =(C130+D130)/B130 -> 0.83333333
A131: Data Visualization & BI | B131: =COUNTIF($D$5:$D$90,A131) -> 3 | C131: =COUNTIFS($D$5:$D$90,A131,$B$5:$B$90,"Covered") -> 2 | D131: =COUNTIFS($D$5:$D$90,A131,$B$5:$B$90,"Partially Covered") -> 1 | E131: =COUNTIFS($D$5:$D$90,A131,$B$5:$B$90,"Industry Only") -> 0 | F131: =C131/B131 -> 0.66666667 | G131: =(C131+D131)/B131 -> 1
A132: Computer Vision | B132: =COUNTIF($D$5:$D$90,A132) -> 2 | C132: =COUNTIFS($D$5:$D$90,A132,$B$5:$B$90,"Covered") -> 2 | D132: =COUNTIFS($D$5:$D$90,A132,$B$5:$B$90,"Partially Covered") -> 0 | E132: =COUNTIFS($D$5:$D$90,A132,$B$5:$B$90,"Industry Only") -> 0 | F132: =C132/B132 -> 1 | G132: =(C132+D132)/B132 -> 1
... A134: Domain Applications | B134: =COUNTIF($D$5:$D$90,A134) -> 4 | C134: =COUNTIFS($D$5:$D$90,A134,$B$5:$B$90,"Covered") -> 0 | D134: =COUNTIFS($D$5:$D$90,A134,$B$5:$B$90,"Partially Covered") -> 1 | E134: =COUNTIFS($D$5:$D$90,A134,$B$5:$B$90,"Industry Only") -> 3 | F134: =C134/B134 -> 0 | G134: =(C134+D134)/B134 -> 0.25

Sheet Emerging Technology Alignment
A1: Analysis 6
A2: Emerging Technology Alignment Analysis
A4: S.No | B4: Emerging Technology | C4: Industry Frequency | D4: Industry % | E4: Priority Tier | F4: Curriculum Presence | G4: Coverage Status | H4: Technology Category | J4: Emerging Technology | K4: Industry Skillset Label | L4: Curriculum Skillset Label | M4: Category
A5: 1 | B5: Generative AI | C5: =_xlfn.XLOOKUP(K5,Industry_Skillset!$B:$B,Industry_Skillset!$C:$C,"") -> 45 | D5: =C5/130 -> 0.34615385 | E5: =IF(C5="","",IF(C5>=50,"Tier 1",IF(C5>=25,"Tier 2",IF(C5>=10,"Tier 3","Tier 4")))) -> Tier 2 | F5: =IF(K5="","",_xlfn.XLOOKUP(K5,Skill_Matching!$B$2:$B$200,Skill_Matching!$F$2:$F$200,0)) -> 8 | G5: =IF(K5="","",_xlfn.XLOOKUP(K5,Skill_Matching!$B$2:$B$200,Skill_Matching!$H$2:$H$200,"Industry Only")) -> Covered | H5: Generative AI | J5: Generative AI | K5: Generative AI | L5: =IF(K5="","",_xlfn.XLOOKUP(K5,Skill_Matching!$B$2:$B$200,Skill_Matching!$E$2:$E$200,"")) -> Generative AI | M5: =IF(K5="","",_xlfn.XLOOKUP(K5,Skill_Matching!$B$2:$B$200,Skill_Matching!$J$2:$J$200,"")) -> Generative AI & NLP
A6: 2 | B6: Large Language Models (LLMs) | C6: =_xlfn.XLOOKUP(K6,Industry_Skillset!$B:$B,Industry_Skillset!$C:$C,"") -> 48 | D6: =C6/130 -> 0.36923077 | E6: =IF(C6="","",IF(C6>=50,"Tier 1",IF(C6>=25,"Tier 2",IF(C6>=10,"Tier 3","Tier 4")))) -> Tier 2 | F6: =IF(K6="","",_xlfn.XLOOKUP(K6,Skill_Matching!$B$2:$B$200,Skill_Matching!$F$2:$F$200,0)) -> 56 | G6: =IF(K6="","",_xlfn.XLOOKUP(K6,Skill_Matching!$B$2:$B$200,Skill_Matching!$H$2:$H$200,"Industry Only")) -> Partially Covered | H6: Foundation Models | J6: Large Language Models (LLMs) | K6: Large Language Models (LLMs) | L6: =IF(K6="","",_xlfn.XLOOKUP(K6,Skill_Matching!$B$2:$B$200,Skill_Matching!$E$2:$E$200,"")) -> Natural Language Processing | M6: =IF(K6="","",_xlfn.XLOOKUP(K6,Skill_Matching!$B$2:$B$200,Skill_Matching!$J$2:$J$200,"")) -> Generative AI & NLP
A7: 3 | B7: Prompt Engineering | C7: =_xlfn.XLOOKUP(K7,Industry_Skillset!$B:$B,Industry_Skillset!$C:$C,"") -> 28 | D7: =C7/130 -> 0.21538462 | E7: =IF(C7="","",IF(C7>=50,"Tier 1",IF(C7>=25,"Tier 2",IF(C7>=10,"Tier 3","Tier 4")))) -> Tier 2 | F7: =IF(K7="","",_xlfn.XLOOKUP(K7,Skill_Matching!$B$2:$B$200,Skill_Matching!$F$2:$F$200,0)) -> 0 | G7: =IF(K7="","",_xlfn.XLOOKUP(K7,Skill_Matching!$B$2:$B$200,Skill_Matching!$H$2:$H$200,"Industry Only")) -> Industry Only | H7: AI Engineering Tools | J7: Prompt Engineering | K7: Prompt Engineering | L7: =IF(K7="","",_xlfn.XLOOKUP(K7,Skill_Matching!$B$2:$B$200,Skill_Matching!$E$2:$E$200,"")) -> 0 | M7: =IF(K7="","",_xlfn.XLOOKUP(K7,Skill_Matching!$B$2:$B$200,Skill_Matching!$J$2:$J$200,"")) -> Generative AI & NLP
A8: 4 | B8: Retrieval-Augmented Generation (RAG) | C8: =_xlfn.XLOOKUP(K8,Industry_Skillset!$B:$B,Industry_Skillset!$C:$C,"") -> 15 | D8: =C8/130 -> 0.11538462 | E8: =IF(C8="","",IF(C8>=50,"Tier 1",IF(C8>=25,"Tier 2",IF(C8>=10,"Tier 3","Tier 4")))) -> Tier 3 | F8: =IF(K8="","",_xlfn.XLOOKUP(K8,Skill_Matching!$B$2:$B$200,Skill_Matching!$F$2:$F$200,0)) -> 0 | G8: =IF(K8="","",_xlfn.XLOOKUP(K8,Skill_Matching!$B$2:$B$200,Skill_Matching!$H$2:$H$200,"Industry Only")) -> Industry Only | H8: AI Engineering Tools | J8: Retrieval-Augmented Generation (RAG) | K8: RAG Pipelines & Semantic Search | L8: =IF(K8="","",_xlfn.XLOOKUP(K8,Skill_Matching!$B$2:$B$200,Skill_Matching!$E$2:$E$200,"")) -> 0 | M8: =IF(K8="","",_xlfn.XLOOKUP(K8,Skill_Matching!$B$2:$B$200,Skill_Matching!$J$2:$J$200,"")) -> Generative AI & NLP
A9: 5 | B9: AI Agents | C9: =_xlfn.XLOOKUP(K9,Industry_Skillset!$B:$B,Industry_Skillset!$C:$C,"") -> 11 | D9: =C9/130 -> 0.084615385 | E9: =IF(C9="","",IF(C9>=50,"Tier 1",IF(C9>=25,"Tier 2",IF(C9>=10,"Tier 3","Tier 4")))) -> Tier 3 | F9: =IF(K9="","",_xlfn.XLOOKUP(K9,Skill_Matching!$B$2:$B$200,Skill_Matching!$F$2:$F$200,0)) -> 0 | G9: =IF(K9="","",_xlfn.XLOOKUP(K9,Skill_Matching!$B$2:$B$200,Skill_Matching!$H$2:$H$200,"Industry Only")) -> Industry Only | H9: AI Development Frameworks | J9: AI Agents | K9: Agentic AI Frameworks | L9: =IF(K9="","",_xlfn.XLOOKUP(K9,Skill_Matching!$B$2:$B$200,Skill_Matching!$E$2:$E$200,"")) -> 0 | M9: =IF(K9="","",_xlfn.XLOOKUP(K9,Skill_Matching!$B$2:$B$200,Skill_Matching!$J$2:$J$200,"")) -> Generative AI & NLP
A10: 6 | B10: LangChain / LangGraph / LlamaIndex (LLM Orchestration) | C10: =_xlfn.XLOOKUP(K10,Industry_Skillset!$B:$B,Industry_Skillset!$C:$C,"") -> 11 | D10: =C10/130 -> 0.084615385 | E10: =IF(C10="","",IF(C10>=50,"Tier 1",IF(C10>=25,"Tier 2",IF(C10>=10,"Tier 3","Tier 4")))) -> Tier 3 | F10: =IF(K10="","",_xlfn.XLOOKUP(K10,Skill_Matching!$B$2:$B$200,Skill_Matching!$F$2:$F$200,0)) -> 0 | G10: =IF(K10="","",_xlfn.XLOOKUP(K10,Skill_Matching!$B$2:$B$200,Skill_Matching!$H$2:$H$200,"Industry Only")) -> Industry Only | H10: AI Development Frameworks | J10: LangChain / LangGraph / LlamaIndex (LLM Orchestration) | K10: LLM Orchestration (LangChain / LangGraph / LlamaIndex) | L10: =IF(K10="","",_xlfn.XLOOKUP(K10,Skill_Matching!$B$2:$B$200,Skill_Matching!$E$2:$E$200,"")) -> 0 | M10: =IF(K10="","",_xlfn.XLOOKUP(K10,Skill_Matching!$B$2:$B$200,Skill_Matching!$J$2:$J$200,"")) -> Generative AI & NLP
A11: 7 | B11: Vector Databases | C11: =_xlfn.XLOOKUP(K11,Industry_Skillset!$B:$B,Industry_Skillset!$C:$C,"") -> 9 | D11: =C11/130 -> 0.069230769 | E11: =IF(C11="","",IF(C11>=50,"Tier 1",IF(C11>=25,"Tier 2",IF(C11>=10,"Tier 3","Tier 4")))) -> Tier 4 | F11: =IF(K11="","",_xlfn.XLOOKUP(K11,Skill_Matching!$B$2:$B$200,Skill_Matching!$F$2:$F$200,0)) -> 0 | G11: =IF(K11="","",_xlfn.XLOOKUP(K11,Skill_Matching!$B$2:$B$200,Skill_Matching!$H$2:$H$200,"Industry Only")) -> Industry Only | H11: AI Engineering Tools | J11: Vector Databases | K11: Vector Databases & Embeddings | L11: =IF(K11="","",_xlfn.XLOOKUP(K11,Skill_Matching!$B$2:$B$200,Skill_Matching!$E$2:$E$200,"")) -> 0 | M11: =IF(K11="","",_xlfn.XLOOKUP(K11,Skill_Matching!$B$2:$B$200,Skill_Matching!$J$2:$J$200,"")) -> Generative AI & NLP
A12: 8 | B12: MLOps | C12: =_xlfn.XLOOKUP(K12,Industry_Skillset!$B:$B,Industry_Skillset!$C:$C,"") -> 24 | D12: =C12/130 -> 0.18461538 | E12: =IF(C12="","",IF(C12>=50,"Tier 1",IF(C12>=25,"Tier 2",IF(C12>=10,"Tier 3","Tier 4")))) -> Tier 3 | F12: =IF(K12="","",_xlfn.XLOOKUP(K12,Skill_Matching!$B$2:$B$200,Skill_Matching!$F$2:$F$200,0)) -> 0 | G12: =IF(K12="","",_xlfn.XLOOKUP(K12,Skill_Matching!$B$2:$B$200,Skill_Matching!$H$2:$H$200,"Industry Only")) -> Industry Only | H12: Model Deployment & MLOps | J12: MLOps | K12: MLOps | L12: =IF(K12="","",_xlfn.XLOOKUP(K12,Skill_Matching!$B$2:$B$200,Skill_Matching!$E$2:$E$200,"")) -> 0 | M12: =IF(K12="","",_xlfn.XLOOKUP(K12,Skill_Matching!$B$2:$B$200,Skill_Matching!$J$2:$J$200,"")) -> Cloud & MLOps
A13: 9 | B13: Model Deployment & Monitoring | C13: =_xlfn.XLOOKUP(K13,Industry_Skillset!$B:$B,Industry_Skillset!$C:$C,"") -> 25 | D13: =C13/130 -> 0.19230769 | E13: =IF(C13="","",IF(C13>=50,"Tier 1",IF(C13>=25,"Tier 2",IF(C13>=10,"Tier 3","Tier 4")))) -> Tier 2 | F13: =IF(K13="","",_xlfn.XLOOKUP(K13,Skill_Matching!$B$2:$B$200,Skill_Matching!$F$2:$F$200,0)) -> 0 | G13: =IF(K13="","",_xlfn.XLOOKUP(K13,Skill_Matching!$B$2:$B$200,Skill_Matching!$H$2:$H$200,"Industry Only")) -> Industry Only | H13: Model Deployment & MLOps | J13: Model Deployment & Monitoring | K13: Model Deployment & Monitoring | L13: =IF(K13="","",_xlfn.XLOOKUP(K13,Skill_Matching!$B$2:$B$200,Skill_Matching!$E$2:$E$200,"")) -> 0 | M13: =IF(K13="","",_xlfn.XLOOKUP(K13,Skill_Matching!$B$2:$B$200,Skill_Matching!$J$2:$J$200,"")) -> Cloud & MLOps
A14: 10 | B14: Hugging Face / Transformers | C14: =_xlfn.XLOOKUP(K14,Industry_Skillset!$B:$B,Industry_Skillset!$C:$C,"") -> 4 | D14: =C14/130 -> 0.030769231 | E14: =IF(C14="","",IF(C14>=50,"Tier 1",IF(C14>=25,"Tier 2",IF(C14>=10,"Tier 3","Tier 4")))) -> Tier 4 | F14: =IF(K14="","",_xlfn.XLOOKUP(K14,Skill_Matching!$B$2:$B$200,Skill_Matching!$F$2:$F$200,0)) -> 0 | G14: =IF(K14="","",_xlfn.XLOOKUP(K14,Skill_Matching!$B$2:$B$200,Skill_Matching!$H$2:$H$200,"Industry Only")) -> Industry Only | H14: Foundation Models | J14: Hugging Face / Transformers | K14: Hugging Face Transformers | L14: =IF(K14="","",_xlfn.XLOOKUP(K14,Skill_Matching!$B$2:$B$200,Skill_Matching!$E$2:$E$200,"")) -> 0 | M14: =IF(K14="","",_xlfn.XLOOKUP(K14,Skill_Matching!$B$2:$B$200,Skill_Matching!$J$2:$J$200,"")) -> Generative AI & NLP
A15: 11 | B15: PyTorch | C15: =_xlfn.XLOOKUP(K15,Industry_Skillset!$B:$B,Industry_Skillset!$C:$C,"") -> 44 | D15: =C15/130 -> 0.33846154 | E15: =IF(C15="","",IF(C15>=50,"Tier 1",IF(C15>=25,"Tier 2",IF(C15>=10,"Tier 3","Tier 4")))) -> Tier 2 | F15: =IF(K15="","",_xlfn.XLOOKUP(K15,Skill_Matching!$B$2:$B$200,Skill_Matching!$F$2:$F$200,0)) -> 63 | G15: =IF(K15="","",_xlfn.XLOOKUP(K15,Skill_Matching!$B$2:$B$200,Skill_Matching!$H$2:$H$200,"Industry Only")) -> Partially Covered | H15: AI Development Frameworks | J15: PyTorch | K15: PyTorch | L15: =IF(K15="","",_xlfn.XLOOKUP(K15,Skill_Matching!$B$2:$B$200,Skill_Matching!$E$2:$E$200,"")) -> Deep Learning | M15: =IF(K15="","",_xlfn.XLOOKUP(K15,Skill_Matching!$B$2:$B$200,Skill_Matching!$J$2:$J$200,"")) -> Deep Learning
A16: 12 | B16: Cloud AI Platforms | C16: =_xlfn.XLOOKUP(K16,Industry_Skillset!$B:$B,Industry_Skillset!$C:$C,"") -> 63 | D16: =C16/130 -> 0.48461538 | E16: =IF(C16="","",IF(C16>=50,"Tier 1",IF(C16>=25,"Tier 2",IF(C16>=10,"Tier 3","Tier 4")))) -> Tier 1 | F16: =IF(K16="","",_xlfn.XLOOKUP(K16,Skill_Matching!$B$2:$B$200,Skill_Matching!$F$2:$F$200,0)) -> 13 | G16: =IF(K16="","",_xlfn.XLOOKUP(K16,Skill_Matching!$B$2:$B$200,Skill_Matching!$H$2:$H$200,"Industry Only")) -> Covered | H16: Cloud AI Platforms | J16: Cloud AI Platforms | K16: Cloud Platforms (AWS / Azure / GCP) | L16: =IF(K16="","",_xlfn.XLOOKUP(K16,Skill_Matching!$B$2:$B$200,Skill_Matching!$E$2:$E$200,"")) -> Cloud Platforms (AWS/Azure/GCP) | M16: =IF(K16="","",_xlfn.XLOOKUP(K16,Skill_Matching!$B$2:$B$200,Skill_Matching!$J$2:$J$200,"")) -> Cloud & MLOps
... A18: 14 | B18: Docker / Kubernetes | C18: =_xlfn.XLOOKUP(K18,Industry_Skillset!$B:$B,Industry_Skillset!$C:$C,"") -> 8 | D18: =C18/130 -> 0.061538462 | E18: =IF(C18="","",IF(C18>=50,"Tier 1",IF(C18>=25,"Tier 2",IF(C18>=10,"Tier 3","Tier 4")))) -> Tier 4 | F18: =IF(K18="","",_xlfn.XLOOKUP(K18,Skill_Matching!$B$2:$B$200,Skill_Matching!$F$2:$F$200,0)) -> 0 | G18: =IF(K18="","",_xlfn.XLOOKUP(K18,Skill_Matching!$B$2:$B$200,Skill_Matching!$H$2:$H$200,"Industry Only")) -> Industry Only | H18: Model Deployment & MLOps | J18: Docker / Kubernetes | K18: Docker / Kubernetes | L18: =IF(K18="","",_xlfn.XLOOKUP(K18,Skill_Matching!$B$2:$B$200,Skill_Matching!$E$2:$E$200,"")) -> 0 | M18: =IF(K18="","",_xlfn.XLOOKUP(K18,Skill_Matching!$B$2:$B$200,Skill_Matching!$J$2:$J$200,"")) -> Cloud & MLOps
B22: Analysis 7 Metrics
B23: Total Emerging Technologies | C23: =COUNTA(B5:B18) -> 14
B24: Covered Technologies | C24: =COUNTIF(G5:G18,"Covered") -> 2
B25: Partially Covered Technologies | C25: =COUNTIF(G5:G18,"Partially Covered") -> 2
B26: Industry Only Technologies | C26: =COUNTIF(G5:G18,"Industry Only") -> 10
B27: ETAR | C27: =COUNTIF(G5:G18,"Covered")/COUNTA(B5:B18) -> 0.14285714
B28: Broad ETAR | C28: =(COUNTIF(G5:G18,"Covered")+COUNTIF(G5:G18,"Partially Covered"))/COUNTA(B5:B18) -> 0.28571429
B31: Technology Category | C31: Total Technologies | D31: Covered | E31: Partially Covered | F31: Industry Only | G31: Strict Alignment % | H31: Broad Alignment %
B32: Generative AI | C32: =COUNTIF($H$5:$H$18,B32) -> 1 | D32: =COUNTIFS($H$5:$H$18,B32,$G$5:$G$18,"Covered") -> 1 | E32: =COUNTIFS($H$5:$H$18,B32,$G$5:$G$18,"Partially Covered") -> 0 | F32: =COUNTIFS($H$5:$H$18,B32,$G$5:$G$18,"Industry Only") -> 0 | G32: =IF(C32=0,0,D32/C32) -> 1 | H32: =IF(C32=0,0,(D32+E32)/C32) -> 1
B33: Foundation Models | C33: =COUNTIF($H$5:$H$18,B33) -> 2 | D33: =COUNTIFS($H$5:$H$18,B33,$G$5:$G$18,"Covered") -> 0 | E33: =COUNTIFS($H$5:$H$18,B33,$G$5:$G$18,"Partially Covered") -> 1 | F33: =COUNTIFS($H$5:$H$18,B33,$G$5:$G$18,"Industry Only") -> 1 | G33: =IF(C33=0,0,D33/C33) -> 0 | H33: =IF(C33=0,0,(D33+E33)/C33) -> 0.5
B34: AI Engineering Tools | C34: =COUNTIF($H$5:$H$18,B34) -> 4 | D34: =COUNTIFS($H$5:$H$18,B34,$G$5:$G$18,"Covered") -> 0 | E34: =COUNTIFS($H$5:$H$18,B34,$G$5:$G$18,"Partially Covered") -> 0 | F34: =COUNTIFS($H$5:$H$18,B34,$G$5:$G$18,"Industry Only") -> 4 | G34: =IF(C34=0,0,D34/C34) -> 0 | H34: =IF(C34=0,0,(D34+E34)/C34) -> 0
B35: AI Development Frameworks | C35: =COUNTIF($H$5:$H$18,B35) -> 3 | D35: =COUNTIFS($H$5:$H$18,B35,$G$5:$G$18,"Covered") -> 0 | E35: =COUNTIFS($H$5:$H$18,B35,$G$5:$G$18,"Partially Covered") -> 1 | F35: =COUNTIFS($H$5:$H$18,B35,$G$5:$G$18,"Industry Only") -> 2 | G35: =IF(C35=0,0,D35/C35) -> 0 | H35: =IF(C35=0,0,(D35+E35)/C35) -> 0.33333333
B36: Model Deployment & MLOps | C36: =COUNTIF($H$5:$H$18,B36) -> 3 | D36: =COUNTIFS($H$5:$H$18,B36,$G$5:$G$18,"Covered") -> 0 | E36: =COUNTIFS($H$5:$H$18,B36,$G$5:$G$18,"Partially Covered") -> 0 | F36: =COUNTIFS($H$5:$H$18,B36,$G$5:$G$18,"Industry Only") -> 3 | G36: =IF(C36=0,0,D36/C36) -> 0 | H36: =IF(C36=0,0,(D36+E36)/C36) -> 0
B37: Cloud AI Platforms | C37: =COUNTIF($H$5:$H$18,B37) -> 1 | D37: =COUNTIFS($H$5:$H$18,B37,$G$5:$G$18,"Covered") -> 1 | E37: =COUNTIFS($H$5:$H$18,B37,$G$5:$G$18,"Partially Covered") -> 0 | F37: =COUNTIFS($H$5:$H$18,B37,$G$5:$G$18,"Industry Only") -> 0 | G37: =IF(C37=0,0,D37/C37) -> 1 | H37: =IF(C37=0,0,(D37+E37)/C37) -> 1

Sheet Rank Difference
A1: Analysis 7
A2: Industry–Curriculum Rank Difference Analysis
A4: S.No | B4: Standardized Skill | C4: Industry Rank | D4: Curriculum Skill | E4: Curriculum Rank | F4: Rank Difference | G4: Absolute Rank Difference | H4: Rank Direction | I4: Match Status | J4: Industry Category
A5: {=_xlfn.SEQUENCE(ROWS(_xlfn.ANCHORARRAY(B5)))} -> 1 | B5: {=_xlfn._xlws.FILTER(Skill_Matching!$A$2:$A$200,Skill_Matching!$B$2:$B$200<>"")} -> Python | C5: =_xlfn.XLOOKUP(B5,Industry_Skillset!$B$2:$B$200,Industry_Skillset!$A$2:$A$200,"") -> 1 | D5: =IF(B5="","",IF(_xlfn.XLOOKUP(B5,Skill_Matching!$A$2:$A$200,Skill_Matching!$E$2:$E$200,"")=0,"",_xlfn.XLOOKUP(B5,Skill_Matching!$A$2:$A$200,Skill_Matching!$E$2:$E$200,""))) -> Python | E5: =IF(D5="","",_xlfn.XLOOKUP(D5,Curriculum_Skillset!$B$2:$B$200,Curriculum_Skillset!$A$2:$A$200,"")) -> 2 | F5: =IF(OR(C5="",E5=""),"",C5-E5) -> -1 | G5: =IF(F5="","",ABS(F5)) -> 1 | H5: =IF(E5="","No Curriculum Match",IF(F5<0,"Curriculum Lags",IF(F5>0,"Curriculum Leads","Aligned"))) -> Curriculum Lags | I5: =_xlfn.XLOOKUP(B5,Skill_Matching!$A$2:$A$200,Skill_Matching!$H$2:$H$200,"") -> Covered | J5: =_xlfn.XLOOKUP(B5,Skill_Matching!$A$2:$A$200,Skill_Matching!$J$2:$J$200,"") -> Programming Languages
A6: 2 | B6: Communication & Collaboration | C6: =_xlfn.XLOOKUP(B6,Industry_Skillset!$B$2:$B$200,Industry_Skillset!$A$2:$A$200,"") -> 2 | D6: =IF(B6="","",IF(_xlfn.XLOOKUP(B6,Skill_Matching!$A$2:$A$200,Skill_Matching!$E$2:$E$200,"")=0,"",_xlfn.XLOOKUP(B6,Skill_Matching!$A$2:$A$200,Skill_Matching!$E$2:$E$200,""))) | E6: =IF(D6="","",_xlfn.XLOOKUP(D6,Curriculum_Skillset!$B$2:$B$200,Curriculum_Skillset!$A$2:$A$200,"")) | F6: =IF(OR(C6="",E6=""),"",C6-E6) | G6: =IF(F6="","",ABS(F6)) | H6: =IF(E6="","No Curriculum Match",IF(F6<0,"Curriculum Lags",IF(F6>0,"Curriculum Leads","Aligned"))) -> No Curriculum Match | I6: =_xlfn.XLOOKUP(B6,Skill_Matching!$A$2:$A$200,Skill_Matching!$H$2:$H$200,"") -> Industry Only | J6: =_xlfn.XLOOKUP(B6,Skill_Matching!$A$2:$A$200,Skill_Matching!$J$2:$J$200,"") -> Professional & Soft Skills
A7: 3 | B7: Machine Learning | C7: =_xlfn.XLOOKUP(B7,Industry_Skillset!$B$2:$B$200,Industry_Skillset!$A$2:$A$200,"") -> 3 | D7: =IF(B7="","",IF(_xlfn.XLOOKUP(B7,Skill_Matching!$A$2:$A$200,Skill_Matching!$E$2:$E$200,"")=0,"",_xlfn.XLOOKUP(B7,Skill_Matching!$A$2:$A$200,Skill_Matching!$E$2:$E$200,""))) -> Machine Learning | E7: =IF(D7="","",_xlfn.XLOOKUP(D7,Curriculum_Skillset!$B$2:$B$200,Curriculum_Skillset!$A$2:$A$200,"")) -> 3 | F7: =IF(OR(C7="",E7=""),"",C7-E7) -> 0 | G7: =IF(F7="","",ABS(F7)) -> 0 | H7: =IF(E7="","No Curriculum Match",IF(F7<0,"Curriculum Lags",IF(F7>0,"Curriculum Leads","Aligned"))) -> Aligned | I7: =_xlfn.XLOOKUP(B7,Skill_Matching!$A$2:$A$200,Skill_Matching!$H$2:$H$200,"") -> Covered | J7: =_xlfn.XLOOKUP(B7,Skill_Matching!$A$2:$A$200,Skill_Matching!$J$2:$J$200,"") -> Machine Learning
A8: 4 | B8: Analytical Thinking & Problem Solving | C8: =_xlfn.XLOOKUP(B8,Industry_Skillset!$B$2:$B$200,Industry_Skillset!$A$2:$A$200,"") -> 4 | D8: =IF(B8="","",IF(_xlfn.XLOOKUP(B8,Skill_Matching!$A$2:$A$200,Skill_Matching!$E$2:$E$200,"")=0,"",_xlfn.XLOOKUP(B8,Skill_Matching!$A$2:$A$200,Skill_Matching!$E$2:$E$200,""))) | E8: =IF(D8="","",_xlfn.XLOOKUP(D8,Curriculum_Skillset!$B$2:$B$200,Curriculum_Skillset!$A$2:$A$200,"")) | F8: =IF(OR(C8="",E8=""),"",C8-E8) | G8: =IF(F8="","",ABS(F8)) | H8: =IF(E8="","No Curriculum Match",IF(F8<0,"Curriculum Lags",IF(F8>0,"Curriculum Leads","Aligned"))) -> No Curriculum Match | I8: =_xlfn.XLOOKUP(B8,Skill_Matching!$A$2:$A$200,Skill_Matching!$H$2:$H$200,"") -> Industry Only | J8: =_xlfn.XLOOKUP(B8,Skill_Matching!$A$2:$A$200,Skill_Matching!$J$2:$J$200,"") -> Professional & Soft Skills
A9: 5 | B9: SQL | C9: =_xlfn.XLOOKUP(B9,Industry_Skillset!$B$2:$B$200,Industry_Skillset!$A$2:$A$200,"") -> 5 | D9: =IF(B9="","",IF(_xlfn.XLOOKUP(B9,Skill_Matching!$A$2:$A$200,Skill_Matching!$E$2:$E$200,"")=0,"",_xlfn.XLOOKUP(B9,Skill_Matching!$A$2:$A$200,Skill_Matching!$E$2:$E$200,""))) -> SQL | E9: =IF(D9="","",_xlfn.XLOOKUP(D9,Curriculum_Skillset!$B$2:$B$200,Curriculum_Skillset!$A$2:$A$200,"")) -> 19 | F9: =IF(OR(C9="",E9=""),"",C9-E9) -> -14 | G9: =IF(F9="","",ABS(F9)) -> 14 | H9: =IF(E9="","No Curriculum Match",IF(F9<0,"Curriculum Lags",IF(F9>0,"Curriculum Leads","Aligned"))) -> Curriculum Lags | I9: =_xlfn.XLOOKUP(B9,Skill_Matching!$A$2:$A$200,Skill_Matching!$H$2:$H$200,"") -> Covered | J9: =_xlfn.XLOOKUP(B9,Skill_Matching!$A$2:$A$200,Skill_Matching!$J$2:$J$200,"") -> Databases & SQL
A10: 6 | B10: Cloud Platforms (AWS / Azure / GCP) | C10: =_xlfn.XLOOKUP(B10,Industry_Skillset!$B$2:$B$200,Industry_Skillset!$A$2:$A$200,"") -> 6 | D10: =IF(B10="","",IF(_xlfn.XLOOKUP(B10,Skill_Matching!$A$2:$A$200,Skill_Matching!$E$2:$E$200,"")=0,"",_xlfn.XLOOKUP(B10,Skill_Matching!$A$2:$A$200,Skill_Matching!$E$2:$E$200,""))) -> Cloud Platforms (AWS/Azure/GCP) | E10: =IF(D10="","",_xlfn.XLOOKUP(D10,Curriculum_Skillset!$B$2:$B$200,Curriculum_Skillset!$A$2:$A$200,"")) -> 38 | F10: =IF(OR(C10="",E10=""),"",C10-E10) -> -32 | G10: =IF(F10="","",ABS(F10)) -> 32 | H10: =IF(E10="","No Curriculum Match",IF(F10<0,"Curriculum Lags",IF(F10>0,"Curriculum Leads","Aligned"))) -> Curriculum Lags | I10: =_xlfn.XLOOKUP(B10,Skill_Matching!$A$2:$A$200,Skill_Matching!$H$2:$H$200,"") -> Covered | J10: =_xlfn.XLOOKUP(B10,Skill_Matching!$A$2:$A$200,Skill_Matching!$J$2:$J$200,"") -> Cloud & MLOps
A11: 7 | B11: Scikit-learn / NumPy / Pandas | C11: =_xlfn.XLOOKUP(B11,Industry_Skillset!$B$2:$B$200,Industry_Skillset!$A$2:$A$200,"") -> 7 | D11: =IF(B11="","",IF(_xlfn.XLOOKUP(B11,Skill_Matching!$A$2:$A$200,Skill_Matching!$E$2:$E$200,"")=0,"",_xlfn.XLOOKUP(B11,Skill_Matching!$A$2:$A$200,Skill_Matching!$E$2:$E$200,""))) -> Machine Learning | E11: =IF(D11="","",_xlfn.XLOOKUP(D11,Curriculum_Skillset!$B$2:$B$200,Curriculum_Skillset!$A$2:$A$200,"")) -> 3 | F11: =IF(OR(C11="",E11=""),"",C11-E11) -> 4 | G11: =IF(F11="","",ABS(F11)) -> 4 | H11: =IF(E11="","No Curriculum Match",IF(F11<0,"Curriculum Lags",IF(F11>0,"Curriculum Leads","Aligned"))) -> Curriculum Leads | I11: =_xlfn.XLOOKUP(B11,Skill_Matching!$A$2:$A$200,Skill_Matching!$H$2:$H$200,"") -> Partially Covered | J11: =_xlfn.XLOOKUP(B11,Skill_Matching!$A$2:$A$200,Skill_Matching!$J$2:$J$200,"") -> Machine Learning
A12: 8 | B12: Statistical Analysis | C12: =_xlfn.XLOOKUP(B12,Industry_Skillset!$B$2:$B$200,Industry_Skillset!$A$2:$A$200,"") -> 8 | D12: =IF(B12="","",IF(_xlfn.XLOOKUP(B12,Skill_Matching!$A$2:$A$200,Skill_Matching!$E$2:$E$200,"")=0,"",_xlfn.XLOOKUP(B12,Skill_Matching!$A$2:$A$200,Skill_Matching!$E$2:$E$200,""))) -> Statistics | E12: =IF(D12="","",_xlfn.XLOOKUP(D12,Curriculum_Skillset!$B$2:$B$200,Curriculum_Skillset!$A$2:$A$200,"")) -> 1 | F12: =IF(OR(C12="",E12=""),"",C12-E12) -> 7 | G12: =IF(F12="","",ABS(F12)) -> 7 | H12: =IF(E12="","No Curriculum Match",IF(F12<0,"Curriculum Lags",IF(F12>0,"Curriculum Leads","Aligned"))) -> Curriculum Leads | I12: =_xlfn.XLOOKUP(B12,Skill_Matching!$A$2:$A$200,Skill_Matching!$H$2:$H$200,"") -> Covered | J12: =_xlfn.XLOOKUP(B12,Skill_Matching!$A$2:$A$200,Skill_Matching!$J$2:$J$200,"") -> Data Analysis & Statistics
A13: 9 | B13: Large Language Models (LLMs) | C13: =_xlfn.XLOOKUP(B13,Industry_Skillset!$B$2:$B$200,Industry_Skillset!$A$2:$A$200,"") -> 9 | D13: =IF(B13="","",IF(_xlfn.XLOOKUP(B13,Skill_Matching!$A$2:$A$200,Skill_Matching!$E$2:$E$200,"")=0,"",_xlfn.XLOOKUP(B13,Skill_Matching!$A$2:$A$200,Skill_Matching!$E$2:$E$200,""))) -> Natural Language Processing | E13: =IF(D13="","",_xlfn.XLOOKUP(D13,Curriculum_Skillset!$B$2:$B$200,Curriculum_Skillset!$A$2:$A$200,"")) -> 9 | F13: =IF(OR(C13="",E13=""),"",C13-E13) -> 0 | G13: =IF(F13="","",ABS(F13)) -> 0 | H13: =IF(E13="","No Curriculum Match",IF(F13<0,"Curriculum Lags",IF(F13>0,"Curriculum Leads","Aligned"))) -> Aligned | I13: =_xlfn.XLOOKUP(B13,Skill_Matching!$A$2:$A$200,Skill_Matching!$H$2:$H$200,"") -> Partially Covered | J13: =_xlfn.XLOOKUP(B13,Skill_Matching!$A$2:$A$200,Skill_Matching!$J$2:$J$200,"") -> Generative AI & NLP
A14: 10 | B14: Generative AI | C14: =_xlfn.XLOOKUP(B14,Industry_Skillset!$B$2:$B$200,Industry_Skillset!$A$2:$A$200,"") -> 10 | D14: =IF(B14="","",IF(_xlfn.XLOOKUP(B14,Skill_Matching!$A$2:$A$200,Skill_Matching!$E$2:$E$200,"")=0,"",_xlfn.XLOOKUP(B14,Skill_Matching!$A$2:$A$200,Skill_Matching!$E$2:$E$200,""))) -> Generative AI | E14: =IF(D14="","",_xlfn.XLOOKUP(D14,Curriculum_Skillset!$B$2:$B$200,Curriculum_Skillset!$A$2:$A$200,"")) -> 51 | F14: =IF(OR(C14="",E14=""),"",C14-E14) -> -41 | G14: =IF(F14="","",ABS(F14)) -> 41 | H14: =IF(E14="","No Curriculum Match",IF(F14<0,"Curriculum Lags",IF(F14>0,"Curriculum Leads","Aligned"))) -> Curriculum Lags | I14: =_xlfn.XLOOKUP(B14,Skill_Matching!$A$2:$A$200,Skill_Matching!$H$2:$H$200,"") -> Covered | J14: =_xlfn.XLOOKUP(B14,Skill_Matching!$A$2:$A$200,Skill_Matching!$J$2:$J$200,"") -> Generative AI & NLP
A15: 11 | B15: PyTorch | C15: =_xlfn.XLOOKUP(B15,Industry_Skillset!$B$2:$B$200,Industry_Skillset!$A$2:$A$200,"") -> 11 | D15: =IF(B15="","",IF(_xlfn.XLOOKUP(B15,Skill_Matching!$A$2:$A$200,Skill_Matching!$E$2:$E$200,"")=0,"",_xlfn.XLOOKUP(B15,Skill_Matching!$A$2:$A$200,Skill_Matching!$E$2:$E$200,""))) -> Deep Learning | E15: =IF(D15="","",_xlfn.XLOOKUP(D15,Curriculum_Skillset!$B$2:$B$200,Curriculum_Skillset!$A$2:$A$200,"")) -> 5 | F15: =IF(OR(C15="",E15=""),"",C15-E15) -> 6 | G15: =IF(F15="","",ABS(F15)) -> 6 | H15: =IF(E15="","No Curriculum Match",IF(F15<0,"Curriculum Lags",IF(F15>0,"Curriculum Leads","Aligned"))) -> Curriculum Leads | I15: =_xlfn.XLOOKUP(B15,Skill_Matching!$A$2:$A$200,Skill_Matching!$H$2:$H$200,"") -> Partially Covered | J15: =_xlfn.XLOOKUP(B15,Skill_Matching!$A$2:$A$200,Skill_Matching!$J$2:$J$200,"") -> Deep Learning
A16: 12 | B16: TensorFlow / Keras | C16: =_xlfn.XLOOKUP(B16,Industry_Skillset!$B$2:$B$200,Industry_Skillset!$A$2:$A$200,"") -> 12 | D16: =IF(B16="","",IF(_xlfn.XLOOKUP(B16,Skill_Matching!$A$2:$A$200,Skill_Matching!$E$2:$E$200,"")=0,"",_xlfn.XLOOKUP(B16,Skill_Matching!$A$2:$A$200,Skill_Matching!$E$2:$E$200,""))) -> Deep Learning | E16: =IF(D16="","",_xlfn.XLOOKUP(D16,Curriculum_Skillset!$B$2:$B$200,Curriculum_Skillset!$A$2:$A$200,"")) -> 5 | F16: =IF(OR(C16="",E16=""),"",C16-E16) -> 7 | G16: =IF(F16="","",ABS(F16)) -> 7 | H16: =IF(E16="","No Curriculum Match",IF(F16<0,"Curriculum Lags",IF(F16>0,"Curriculum Leads","Aligned"))) -> Curriculum Leads | I16: =_xlfn.XLOOKUP(B16,Skill_Matching!$A$2:$A$200,Skill_Matching!$H$2:$H$200,"") -> Partially Covered | J16: =_xlfn.XLOOKUP(B16,Skill_Matching!$A$2:$A$200,Skill_Matching!$J$2:$J$200,"") -> Deep Learning
A17: 13 | B17: Data Visualization | C17: =_xlfn.XLOOKUP(B17,Industry_Skillset!$B$2:$B$200,Industry_Skillset!$A$2:$A$200,"") -> 13 | D17: =IF(B17="","",IF(_xlfn.XLOOKUP(B17,Skill_Matching!$A$2:$A$200,Skill_Matching!$E$2:$E$200,"")=0,"",_xlfn.XLOOKUP(B17,Skill_Matching!$A$2:$A$200,Skill_Matching!$E$2:$E$200,""))) -> Data Visualization | E17: =IF(D17="","",_xlfn.XLOOKUP(D17,Curriculum_Skillset!$B$2:$B$200,Curriculum_Skillset!$A$2:$A$200,"")) -> 18 | F17: =IF(OR(C17="",E17=""),"",C17-E17) -> -5 | G17: =IF(F17="","",ABS(F17)) -> 5 | H17: =IF(E17="","No Curriculum Match",IF(F17<0,"Curriculum Lags",IF(F17>0,"Curriculum Leads","Aligned"))) -> Curriculum Lags | I17: =_xlfn.XLOOKUP(B17,Skill_Matching!$A$2:$A$200,Skill_Matching!$H$2:$H$200,"") -> Covered | J17: =_xlfn.XLOOKUP(B17,Skill_Matching!$A$2:$A$200,Skill_Matching!$J$2:$J$200,"") -> Data Visualization & BI
... A51: 47 | B51: Model Evaluation | C51: =_xlfn.XLOOKUP(B51,Industry_Skillset!$B$2:$B$200,Industry_Skillset!$A$2:$A$200,"") -> 47 | D51: =IF(B51="","",IF(_xlfn.XLOOKUP(B51,Skill_Matching!$A$2:$A$200,Skill_Matching!$E$2:$E$200,"")=0,"",_xlfn.XLOOKUP(B51,Skill_Matching!$A$2:$A$200,Skill_Matching!$E$2:$E$200,""))) -> Machine Learning | E51: =IF(D51="","",_xlfn.XLOOKUP(D51,Curriculum_Skillset!$B$2:$B$200,Curriculum_Skillset!$A$2:$A$200,"")) -> 3 | F51: =IF(OR(C51="",E51=""),"",C51-E51) -> 44 | G51: =IF(F51="","",ABS(F51)) -> 44 | H51: =IF(E51="","No Curriculum Match",IF(F51<0,"Curriculum Lags",IF(F51>0,"Curriculum Leads","Aligned"))) -> Curriculum Leads | I51: =_xlfn.XLOOKUP(B51,Skill_Matching!$A$2:$A$200,Skill_Matching!$H$2:$H$200,"") -> Partially Covered | J51: =_xlfn.XLOOKUP(B51,Skill_Matching!$A$2:$A$200,Skill_Matching!$J$2:$J$200,"") -> Machine Learning
A52: 48 | B52: Multi-Agent Systems | C52: =_xlfn.XLOOKUP(B52,Industry_Skillset!$B$2:$B$200,Industry_Skillset!$A$2:$A$200,"") -> 48 | D52: =IF(B52="","",IF(_xlfn.XLOOKUP(B52,Skill_Matching!$A$2:$A$200,Skill_Matching!$E$2:$E$200,"")=0,"",_xlfn.XLOOKUP(B52,Skill_Matching!$A$2:$A$200,Skill_Matching!$E$2:$E$200,""))) | E52: =IF(D52="","",_xlfn.XLOOKUP(D52,Curriculum_Skillset!$B$2:$B$200,Curriculum_Skillset!$A$2:$A$200,"")) | F52: =IF(OR(C52="",E52=""),"",C52-E52) | G52: =IF(F52="","",ABS(F52)) | H52: =IF(E52="","No Curriculum Match",IF(F52<0,"Curriculum Lags",IF(F52>0,"Curriculum Leads","Aligned"))) -> No Curriculum Match
A53: 49 | B53: Predictive Modeling | C53: =_xlfn.XLOOKUP(B53,Industry_Skillset!$B$2:$B$200,Industry_Skillset!$A$2:$A$200,"") -> 49 | D53: =IF(B53="","",IF(_xlfn.XLOOKUP(B53,Skill_Matching!$A$2:$A$200,Skill_Matching!$E$2:$E$200,"")=0,"",_xlfn.XLOOKUP(B53,Skill_Matching!$A$2:$A$200,Skill_Matching!$E$2:$E$200,""))) -> Regression Analysis | E53: =IF(D53="","",_xlfn.XLOOKUP(D53,Curriculum_Skillset!$B$2:$B$200,Curriculum_Skillset!$A$2:$A$200,"")) -> 17 | F53: =IF(OR(C53="",E53=""),"",C53-E53) -> 32 | G53: =IF(F53="","",ABS(F53)) -> 32 | H53: =IF(E53="","No Curriculum Match",IF(F53<0,"Curriculum Lags",IF(F53>0,"Curriculum Leads","Aligned"))) -> Curriculum Leads
A54: 50 | B54: Statistical Modeling | C54: =_xlfn.XLOOKUP(B54,Industry_Skillset!$B$2:$B$200,Industry_Skillset!$A$2:$A$200,"") -> 50 | D54: =IF(B54="","",IF(_xlfn.XLOOKUP(B54,Skill_Matching!$A$2:$A$200,Skill_Matching!$E$2:$E$200,"")=0,"",_xlfn.XLOOKUP(B54,Skill_Matching!$A$2:$A$200,Skill_Matching!$E$2:$E$200,""))) -> Statistics | E54: =IF(D54="","",_xlfn.XLOOKUP(D54,Curriculum_Skillset!$B$2:$B$200,Curriculum_Skillset!$A$2:$A$200,"")) -> 1 | F54: =IF(OR(C54="",E54=""),"",C54-E54) -> 49 | G54: =IF(F54="","",ABS(F54)) -> 49 | H54: =IF(E54="","No Curriculum Match",IF(F54<0,"Curriculum Lags",IF(F54>0,"Curriculum Leads","Aligned"))) -> Curriculum Leads
A55: 51 | B55: Supervised Learning | C55: =_xlfn.XLOOKUP(B55,Industry_Skillset!$B$2:$B$200,Industry_Skillset!$A$2:$A$200,"") -> 51 | D55: =IF(B55="","",IF(_xlfn.XLOOKUP(B55,Skill_Matching!$A$2:$A$200,Skill_Matching!$E$2:$E$200,"")=0,"",_xlfn.XLOOKUP(B55,Skill_Matching!$A$2:$A$200,Skill_Matching!$E$2:$E$200,""))) -> Classification | E55: =IF(D55="","",_xlfn.XLOOKUP(D55,Curriculum_Skillset!$B$2:$B$200,Curriculum_Skillset!$A$2:$A$200,"")) -> 21 | F55: =IF(OR(C55="",E55=""),"",C55-E55) -> 30 | G55: =IF(F55="","",ABS(F55)) -> 30 | H55: =IF(E55="","No Curriculum Match",IF(F55<0,"Curriculum Lags",IF(F55>0,"Curriculum Leads","Aligned"))) -> Curriculum Leads
A56: 52 | B56: Tableau | C56: =_xlfn.XLOOKUP(B56,Industry_Skillset!$B$2:$B$200,Industry_Skillset!$A$2:$A$200,"") -> 52 | D56: =IF(B56="","",IF(_xlfn.XLOOKUP(B56,Skill_Matching!$A$2:$A$200,Skill_Matching!$E$2:$E$200,"")=0,"",_xlfn.XLOOKUP(B56,Skill_Matching!$A$2:$A$200,Skill_Matching!$E$2:$E$200,""))) -> Tableau | E56: =IF(D56="","",_xlfn.XLOOKUP(D56,Curriculum_Skillset!$B$2:$B$200,Curriculum_Skillset!$A$2:$A$200,"")) -> 70 | F56: =IF(OR(C56="",E56=""),"",C56-E56) -> -18 | G56: =IF(F56="","",ABS(F56)) -> 18 | H56: =IF(E56="","No Curriculum Match",IF(F56<0,"Curriculum Lags",IF(F56>0,"Curriculum Leads","Aligned"))) -> Curriculum Lags
A57: 53 | B57: Agent Evaluation Frameworks (RAGAS / LLM-as-Judge) | C57: =_xlfn.XLOOKUP(B57,Industry_Skillset!$B$2:$B$200,Industry_Skillset!$A$2:$A$200,"") -> 53 | D57: =IF(B57="","",IF(_xlfn.XLOOKUP(B57,Skill_Matching!$A$2:$A$200,Skill_Matching!$E$2:$E$200,"")=0,"",_xlfn.XLOOKUP(B57,Skill_Matching!$A$2:$A$200,Skill_Matching!$E$2:$E$200,""))) | E57: =IF(D57="","",_xlfn.XLOOKUP(D57,Curriculum_Skillset!$B$2:$B$200,Curriculum_Skillset!$A$2:$A$200,"")) | F57: =IF(OR(C57="",E57=""),"",C57-E57) | G57: =IF(F57="","",ABS(F57)) | H57: =IF(E57="","No Curriculum Match",IF(F57<0,"Curriculum Lags",IF(F57>0,"Curriculum Leads","Aligned"))) -> No Curriculum Match
A58: 54 | B58: Agentic AI / Agent Benchmarking | C58: =_xlfn.XLOOKUP(B58,Industry_Skillset!$B$2:$B$200,Industry_Skillset!$A$2:$A$200,"") -> 54 | D58: =IF(B58="","",IF(_xlfn.XLOOKUP(B58,Skill_Matching!$A$2:$A$200,Skill_Matching!$E$2:$E$200,"")=0,"",_xlfn.XLOOKUP(B58,Skill_Matching!$A$2:$A$200,Skill_Matching!$E$2:$E$200,""))) | E58: =IF(D58="","",_xlfn.XLOOKUP(D58,Curriculum_Skillset!$B$2:$B$200,Curriculum_Skillset!$A$2:$A$200,"")) | F58: =IF(OR(C58="",E58=""),"",C58-E58) | G58: =IF(F58="","",ABS(F58)) | H58: =IF(E58="","No Curriculum Match",IF(F58<0,"Curriculum Lags",IF(F58>0,"Curriculum Leads","Aligned"))) -> No Curriculum Match
A59: 55 | B59: Customer Segmentation | C59: =_xlfn.XLOOKUP(B59,Industry_Skillset!$B$2:$B$200,Industry_Skillset!$A$2:$A$200,"") -> 55 | D59: =IF(B59="","",IF(_xlfn.XLOOKUP(B59,Skill_Matching!$A$2:$A$200,Skill_Matching!$E$2:$E$200,"")=0,"",_xlfn.XLOOKUP(B59,Skill_Matching!$A$2:$A$200,Skill_Matching!$E$2:$E$200,""))) -> Clustering | E59: =IF(D59="","",_xlfn.XLOOKUP(D59,Curriculum_Skillset!$B$2:$B$200,Curriculum_Skillset!$A$2:$A$200,"")) -> 29 | F59: =IF(OR(C59="",E59=""),"",C59-E59) -> 26 | G59: =IF(F59="","",ABS(F59)) -> 26 | H59: =IF(E59="","No Curriculum Match",IF(F59<0,"Curriculum Lags",IF(F59>0,"Curriculum Leads","Aligned"))) -> Curriculum Leads
A60: 56 | B60: Fraud Detection & Risk Analytics | C60: =_xlfn.XLOOKUP(B60,Industry_Skillset!$B$2:$B$200,Industry_Skillset!$A$2:$A$200,"") -> 56 | D60: =IF(B60="","",IF(_xlfn.XLOOKUP(B60,Skill_Matching!$A$2:$A$200,Skill_Matching!$E$2:$E$200,"")=0,"",_xlfn.XLOOKUP(B60,Skill_Matching!$A$2:$A$200,Skill_Matching!$E$2:$E$200,""))) | E60: =IF(D60="","",_xlfn.XLOOKUP(D60,Curriculum_Skillset!$B$2:$B$200,Curriculum_Skillset!$A$2:$A$200,"")) | F60: =IF(OR(C60="",E60=""),"",C60-E60) | G60: =IF(F60="","",ABS(F60)) | H60: =IF(E60="","No Curriculum Match",IF(F60<0,"Curriculum Lags",IF(F60>0,"Curriculum Leads","Aligned"))) -> No Curriculum Match
A61: 57 | B61: NoSQL Databases | C61: =_xlfn.XLOOKUP(B61,Industry_Skillset!$B$2:$B$200,Industry_Skillset!$A$2:$A$200,"") -> 57 | D61: =IF(B61="","",IF(_xlfn.XLOOKUP(B61,Skill_Matching!$A$2:$A$200,Skill_Matching!$E$2:$E$200,"")=0,"",_xlfn.XLOOKUP(B61,Skill_Matching!$A$2:$A$200,Skill_Matching!$E$2:$E$200,""))) -> NoSQL | E61: =IF(D61="","",_xlfn.XLOOKUP(D61,Curriculum_Skillset!$B$2:$B$200,Curriculum_Skillset!$A$2:$A$200,"")) -> 47 | F61: =IF(OR(C61="",E61=""),"",C61-E61) -> 10 | G61: =IF(F61="","",ABS(F61)) -> 10 | H61: =IF(E61="","No Curriculum Match",IF(F61<0,"Curriculum Lags",IF(F61>0,"Curriculum Leads","Aligned"))) -> Curriculum Leads
A62: 58 | B62: REST APIs (Flask / FastAPI) | C62: =_xlfn.XLOOKUP(B62,Industry_Skillset!$B$2:$B$200,Industry_Skillset!$A$2:$A$200,"") -> 58 | D62: =IF(B62="","",IF(_xlfn.XLOOKUP(B62,Skill_Matching!$A$2:$A$200,Skill_Matching!$E$2:$E$200,"")=0,"",_xlfn.XLOOKUP(B62,Skill_Matching!$A$2:$A$200,Skill_Matching!$E$2:$E$200,""))) | E62: =IF(D62="","",_xlfn.XLOOKUP(D62,Curriculum_Skillset!$B$2:$B$200,Curriculum_Skillset!$A$2:$A$200,"")) | F62: =IF(OR(C62="",E62=""),"",C62-E62) | G62: =IF(F62="","",ABS(F62)) | H62: =IF(E62="","No Curriculum Match",IF(F62<0,"Curriculum Lags",IF(F62>0,"Curriculum Leads","Aligned"))) -> No Curriculum Match
A63: 59 | B63: React / Frontend Frameworks | C63: =_xlfn.XLOOKUP(B63,Industry_Skillset!$B$2:$B$200,Industry_Skillset!$A$2:$A$200,"") -> 59 | D63: =IF(B63="","",IF(_xlfn.XLOOKUP(B63,Skill_Matching!$A$2:$A$200,Skill_Matching!$E$2:$E$200,"")=0,"",_xlfn.XLOOKUP(B63,Skill_Matching!$A$2:$A$200,Skill_Matching!$E$2:$E$200,""))) -> Web Development | E63: =IF(D63="","",_xlfn.XLOOKUP(D63,Curriculum_Skillset!$B$2:$B$200,Curriculum_Skillset!$A$2:$A$200,"")) -> 62 | F63: =IF(OR(C63="",E63=""),"",C63-E63) -> -3 | G63: =IF(F63="","",ABS(F63)) -> 3 | H63: =IF(E63="","No Curriculum Match",IF(F63<0,"Curriculum Lags",IF(F63>0,"Curriculum Leads","Aligned"))) -> Curriculum Lags
... A85: 81 | B85: Browser Automation | C85: =_xlfn.XLOOKUP(B85,Industry_Skillset!$B$2:$B$200,Industry_Skillset!$A$2:$A$200,"") -> 81 | D85: =IF(B85="","",IF(_xlfn.XLOOKUP(B85,Skill_Matching!$A$2:$A$200,Skill_Matching!$E$2:$E$200,"")=0,"",_xlfn.XLOOKUP(B85,Skill_Matching!$A$2:$A$200,Skill_Matching!$E$2:$E$200,""))) | E85: =IF(D85="","",_xlfn.XLOOKUP(D85,Curriculum_Skillset!$B$2:$B$200,Curriculum_Skillset!$A$2:$A$200,"")) | F85: =IF(OR(C85="",E85=""),"",C85-E85) | G85: =IF(F85="","",ABS(F85)) | H85: =IF(E85="","No Curriculum Match",IF(F85<0,"Curriculum Lags",IF(F85>0,"Curriculum Leads","Aligned"))) -> No Curriculum Match
B89: Metric
B90: Total Industry Skills | C90: =COUNTA(B5:B85) -> 81
B91: Matched Skills | C91: =COUNTIF(H5:H85,"<>No Curriculum Match") -> 47
B92: Industry Only Skills | C92: =COUNTIF(I5:I85,"Industry Only") -> 20
B93: Average Absolute Rank Difference | C93: =AVERAGEIFS($G$5:$G$200,$I$5:$I$200,"<>Industry Only") -> 24.595745 | E93: Rank Direction | F93: Number of Skills
B94: Maximum Absolute Rank Difference | C94: =_xlfn.MAXIFS($G$5:$G$200,$I$5:$I$200,"<>Industry Only") -> 67 | E94: Curriculum Lags | F94: 16
B95: Curriculum Lags | C95: =COUNTIF(H5:H85,"Curriculum Lags") -> 16 | E95: Curriculum Leads | F95: 29
B96: Curriculum Leads | C96: =COUNTIF(H5:H85,"Curriculum Leads") -> 29 | E96: Aligned | F96: 2
B97: Aligned Skills | C97: =COUNTIF(H5:H85,"Aligned") -> 2
B98: % Curriculum Lags | C98: =C95/C91 -> 0.34042553
B99: % Curriculum Leads | C99: =C96/C91 -> 0.61702128
B100: % Aligned | C100: =C97/C91 -> 0.042553191
B101: % Industry Only | C101: =C92/C90 -> 0.24691358
E106: =IF(D106="","",_xlfn.XLOOKUP(D106,Curriculum_Skillset!$B$2:$B$200,Curriculum_Skillset!$A$2:$A$200,""))

Sheet Chi Square
A1: Analysis 8
A2: Chi Square Test
A4: Skill Category | B4: Covered | C4: Partially Covered | D4: Industry Only | E4: Row Total
A5: ='Curriculum Coverage'!A121 -> Data Analysis & Statistics | B5: ='Curriculum Coverage'!C121 -> 5 | C5: ='Curriculum Coverage'!D121 -> 6 | D5: ='Curriculum Coverage'!E121 -> 3 | E5: =SUM(B5:D5) -> 14
A6: ='Curriculum Coverage'!A122 -> Programming Languages | B6: ='Curriculum Coverage'!C122 -> 3 | C6: ='Curriculum Coverage'!D122 -> 0 | D6: ='Curriculum Coverage'!E122 -> 0 | E6: =SUM(B6:D6) -> 3
A7: ='Curriculum Coverage'!A123 -> Machine Learning | B7: ='Curriculum Coverage'!C123 -> 1 | C7: ='Curriculum Coverage'!D123 -> 7 | D7: ='Curriculum Coverage'!E123 -> 2 | E7: =SUM(B7:D7) -> 10
A8: ='Curriculum Coverage'!A124 -> Software Engineering | B8: ='Curriculum Coverage'!C124 -> 1 | C8: ='Curriculum Coverage'!D124 -> 1 | D8: ='Curriculum Coverage'!E124 -> 4 | E8: =SUM(B8:D8) -> 6
A9: ='Curriculum Coverage'!A125 -> Deep Learning | B9: ='Curriculum Coverage'!C125 -> 1 | C9: ='Curriculum Coverage'!D125 -> 2 | D9: ='Curriculum Coverage'!E125 -> 0 | E9: =SUM(B9:D9) -> 3
A10: ='Curriculum Coverage'!A126 -> Artificial Intelligence | B10: ='Curriculum Coverage'!C126 -> 1 | C10: ='Curriculum Coverage'!D126 -> 1 | D10: ='Curriculum Coverage'!E126 -> 0 | E10: =SUM(B10:D10) -> 2
A11: ='Curriculum Coverage'!A127 -> Generative AI & NLP | B11: ='Curriculum Coverage'!C127 -> 2 | C11: ='Curriculum Coverage'!D127 -> 1 | D11: ='Curriculum Coverage'!E127 -> 10 | E11: =SUM(B11:D11) -> 13
A12: ='Curriculum Coverage'!A128 -> Databases & SQL | B12: ='Curriculum Coverage'!C128 -> 3 | C12: ='Curriculum Coverage'!D128 -> 0 | D12: ='Curriculum Coverage'!E128 -> 0 | E12: =SUM(B12:D12) -> 3
A13: ='Curriculum Coverage'!A129 -> Cloud & MLOps | B13: ='Curriculum Coverage'!C129 -> 1 | C13: ='Curriculum Coverage'!D129 -> 0 | D13: ='Curriculum Coverage'!E129 -> 7 | E13: =SUM(B13:D13) -> 8
A14: ='Curriculum Coverage'!A130 -> Data Engineering & Big Data | B14: ='Curriculum Coverage'!C130 -> 3 | C14: ='Curriculum Coverage'!D130 -> 2 | D14: ='Curriculum Coverage'!E130 -> 1 | E14: =SUM(B14:D14) -> 6
A15: ='Curriculum Coverage'!A131 -> Data Visualization & BI | B15: ='Curriculum Coverage'!C131 -> 2 | C15: ='Curriculum Coverage'!D131 -> 1 | D15: ='Curriculum Coverage'!E131 -> 0 | E15: =SUM(B15:D15) -> 3
A16: ='Curriculum Coverage'!A132 -> Computer Vision | B16: ='Curriculum Coverage'!C132 -> 2 | C16: ='Curriculum Coverage'!D132 -> 0 | D16: ='Curriculum Coverage'!E132 -> 0 | E16: =SUM(B16:D16) -> 2
... A18: ='Curriculum Coverage'!A134 -> Domain Applications | B18: ='Curriculum Coverage'!C134 -> 0 | C18: ='Curriculum Coverage'!D134 -> 1 | D18: ='Curriculum Coverage'!E134 -> 3 | E18: =SUM(B18:D18) -> 4
B19: =SUM(B5:B18) -> 25 | C19: =SUM(C5:C18) -> 22 | D19: =SUM(D5:D18) -> 34 | E19: =SUM(E5:E18) -> 81
A23: Skill Category | B23: Covered | C23: Partially Covered | D23: Industry Only
A24: =A5 -> Data Analysis & Statistics | B24: =$E5*B$19/$E$19 -> 4.3209877 | C24: =$E5*C$19/$E$19 -> 3.8024691 | D24: =$E5*D$19/$E$19 -> 5.8765432
A25: =A6 -> Programming Languages | B25: =$E6*B$19/$E$19 -> 0.92592593 | C25: =$E6*C$19/$E$19 -> 0.81481481 | D25: =$E6*D$19/$E$19 -> 1.2592593
A26: =A7 -> Machine Learning | B26: =$E7*B$19/$E$19 -> 3.0864198 | C26: =$E7*C$19/$E$19 -> 2.7160494 | D26: =$E7*D$19/$E$19 -> 4.1975309
A27: =A8 -> Software Engineering | B27: =$E8*B$19/$E$19 -> 1.8518519 | C27: =$E8*C$19/$E$19 -> 1.6296296 | D27: =$E8*D$19/$E$19 -> 2.5185185
A28: =A9 -> Deep Learning | B28: =$E9*B$19/$E$19 -> 0.92592593 | C28: =$E9*C$19/$E$19 -> 0.81481481 | D28: =$E9*D$19/$E$19 -> 1.2592593
A29: =A10 -> Artificial Intelligence | B29: =$E10*B$19/$E$19 -> 0.61728395 | C29: =$E10*C$19/$E$19 -> 0.54320988 | D29: =$E10*D$19/$E$19 -> 0.83950617
A30: =A11 -> Generative AI & NLP | B30: =$E11*B$19/$E$19 -> 4.0123457 | C30: =$E11*C$19/$E$19 -> 3.5308642 | D30: =$E11*D$19/$E$19 -> 5.4567901
A31: =A12 -> Databases & SQL | B31: =$E12*B$19/$E$19 -> 0.92592593 | C31: =$E12*C$19/$E$19 -> 0.81481481 | D31: =$E12*D$19/$E$19 -> 1.2592593
A32: =A13 -> Cloud & MLOps | B32: =$E13*B$19/$E$19 -> 2.4691358 | C32: =$E13*C$19/$E$19 -> 2.1728395 | D32: =$E13*D$19/$E$19 -> 3.3580247
A33: =A14 -> Data Engineering & Big Data | B33: =$E14*B$19/$E$19 -> 1.8518519 | C33: =$E14*C$19/$E$19 -> 1.6296296 | D33: =$E14*D$19/$E$19 -> 2.5185185
A34: =A15 -> Data Visualization & BI | B34: =$E15*B$19/$E$19 -> 0.92592593 | C34: =$E15*C$19/$E$19 -> 0.81481481 | D34: =$E15*D$19/$E$19 -> 1.2592593
A35: =A16 -> Computer Vision | B35: =$E16*B$19/$E$19 -> 0.61728395 | C35: =$E16*C$19/$E$19 -> 0.54320988 | D35: =$E16*D$19/$E$19 -> 0.83950617
... A37: =A18 -> Domain Applications | B37: =$E18*B$19/$E$19 -> 1.2345679 | C37: =$E18*C$19/$E$19 -> 1.0864198 | D37: =$E18*D$19/$E$19 -> 1.6790123
A40: Chi-square Statistic | B40: {=SUMPRODUCT((B5:D18-B24:D37)^2/(B24:D37))} -> 61.651068
A41: Degrees of Freedom | B41: =(14-1)*(3-1) -> 26
A42: P-value | B42: =_xlfn.CHISQ.TEST(B5:D18,B24:D37) -> 0.00010019485
A43: Cramer's V | B43: =SQRT(B40/(81*MIN(14-1,3-1))) -> 0.61689719
A44: Expected Cells Below 5 | B44: =COUNTIF(B24:D37,"<5") -> 40
A45: % Expected Cells Below 5 | B45: =B44/COUNT(B24:D37) -> 0.95238095
